pdv_code,lat,lon,demanda,frecuencia,sector,visitas,hora_inicio,hora_fin,cluster
612251,20.60294,-100.431,390,2,X11,x,,,1
612258,20.6063,-100.4371,350,2,X11,x,,,1
612264,20.58149,-100.41,1300,2,M87,x,,,10
612265,20.59842,-100.4346,610,2,X11,x,07:00,13:00,1
612268,20.58243,-100.4182,1700,2,M87,x,,,10
612275,20.56452,-100.42,490,1,ZN6,x,,,10
612284,20.60394,-100.4331,2600,2,X11,10010,,,1
612288,20.60141945,-100.4338989,1400,1,X11,x,,,1
612292,20.60859,-100.4294,560,2,X11,x,,,9
612293,20.60605,-100.4293,1100,2,X11,x,,,9
612296,20.58102,-100.4199,2500,2,M87,x,,,10
612297,20.58179,-100.4204,460,1,M87,x,,,10
612298,20.58382,-100.4148,380,2,M87,x,,,10
612305,20.5592,-100.4186,1300,2,ZN6,100100,,,0
612312,20.57323,-100.4135,2400,2,ZN6,100100,,,10
612325,20.5634,-100.4153,1700,2,ZN6,x,,,10
612334,20.66256,-100.505,650,1,M79,x,,,4
612349,20.61192,-100.4404,330,2,X11,x,,,1
612356,20.59791,-100.4475,530,2,1D7,x,,,1
612368,20.59653,-100.4465,320,2,1D7,x,,,1
612394,20.59295082,-100.44860077,3100,1,1D7,x,,,1
612399,20.65881,-100.5168,540,1,M79,x,,,4
612431,20.57378,-100.3781,2300,2,ZN8,x,,,6
612443,20.56695,-100.3681,630,1,ZN8,x,,,8
612446,20.5727,-100.3759,1600,2,ZN8,x,,,8
612449,20.55335,-100.3888,1900,1,1D4,x,,,0
612451,20.55922,-100.378,360,2,1D4,x,07:00,13:00,6
612452,20.5683,-100.3827,1700,1,1D4,x,,,6
612454,20.56058,-100.3771,470,2,1D4,x,07:00,13:00,6
612458,20.57204,-100.3723,1200,2,ZN8,x,,,8
612467,20.57386,-100.3874,560,2,M87,x,,,6
612468,20.57332,-100.39,410,2,M87,x,,,6
612474,20.57092,-100.395,1800,2,M87,x,,,10
612476,20.5718,-100.3932,250,2,M87,x,,,6
612477,20.57087,-100.3955,1200,2,M87,x,,,10
612478,20.56854,-100.3932,720,2,M87,x,,,6
612480,20.56845,-100.3955,1450,1,M87,x,,,6
612485,20.56663,-100.3944,1500,1,M87,x,,,6
612489,20.55898,-100.3978,1500,2,1D4,x,07:00,13:00,0
612491,20.56072,-100.3916,1200,1,1D4,x,,,6
612493,20.5645,-100.388,180,1,1D4,x,,,6
612495,20.55726,-100.3892,2300,2,1D4,x,,,6
612497,20.56118,-100.3985,3300,2,1D4,x,07:00,13:00,6
612501,20.56564,-100.3961,340,1,M87,x,,,6
612507,20.56678,-100.3902,420,2,M87,x,,,6
612520,20.56749,-100.3969,190,1,M87,x,,,10
612523,20.54891,-100.4016,1500,2,ZN6,x,,,0
612526,20.55743,-100.3943,1500,2,1D4,x,07:00,13:00,6
612529,20.55371,-100.3927,370,1,1D4,x,07:00,13:00,0
612531,20.55375,-100.3923,240,1,1D4,x,07:00,13:00,0
612545,20.55984,-100.3832,1300,2,1D4,x,07:00,13:00,6
612577,20.56367,-100.3674,1300,2,ZN8,x,07:00,13:00,6
612590,20.57006,-100.3983,2900,1,M87,x,,,10
612765,20.62011,-100.4248,2100,1,M81,x,,,9
612766,20.61998,-100.4247,300,2,M81,x,,,9
612770,20.61991,-100.4247,260,2,M81,x,,,9
612774,20.61876,-100.4257,1700,2,M81,x,,,9
612777,20.61994,-100.42312,750,1,M81,x,,,9
612787,20.63659,-100.4442,1300,2,XC6,x,,,3
612789,20.63374,-100.4454,190,2,XC6,x,,,7
612791,20.63075,-100.45854,1620,2,XC6,x,,,7
612793,20.63267,-100.46114,1000,2,XC6,x,,,3
612795,20.63029,-100.4576,1200,2,XC6,x,,,7
612796,20.62987,-100.4491,2300,2,XC6,x,,,7
612802,20.62699,-100.4436,1700,2,XC6,x,,,7
612807,20.61721,-100.4701,370,2,1D7,x,07:00,13:00,7
612809,20.64129,-100.4478,1800,1,XC6,x,,,3
612811,20.63344,-100.4581,910,2,XC6,x,,,3
612818,20.62436,-100.4439,2200,1,1D7,x,,,7
612834,20.6186,-100.4222,1600,2,M81,x,,,9
612836,20.62042,-100.4266,1000,1,M81,x,,,9
612854,20.63886,-100.4698,920,2,XC6,x,,,4
612858,20.6247,-100.4461,530,2,1D7,x,,,7
612871,20.61518,-100.4483,250,1,1D7,x,,,7
612872,20.61842,-100.451,860,2,1D7,x,,,7
612877,20.6375,-100.4463,420,2,XC6,x,,,3
612883,20.64619,-100.4489,1800,1,ZN9,x,,,3
612888,20.63339,-100.4618,500,2,XC6,x,,,3
612894,20.61282,-100.4484,830,1,1D7,x,,,7
612905,20.62901,-100.4513,770,2,XC6,x,,,7
612906,20.63036,-100.4614,810,2,XC6,x,,,3
612910,20.63795,-100.4578,1260,2,XC6,x,,,3
612914,20.63823,-100.4667,650,2,XC6,x,,,4
612915,20.63788,-100.4594,540,2,XC6,x,,,3
612925,20.63347,-100.4745,490,2,XC6,x,,,4
612929,20.65349,-100.4507,1900,1,ZN9,x,,,3
612930,20.65347,-100.4488,1200,2,ZN9,x,,,3
612938,20.6365,-100.4501,350,2,XC6,x,,,3
613197,20.5811,-100.3929,510,2,M87,x,,,10
613207,20.5788,-100.39579,680,2,M87,x,,,10
613224,20.58754,-100.406,240,1,M87,x,,,10
613229,20.59278,-100.4013,220,1,XC5,x,,,5
613235,20.58868,-100.3991,340,1,M87,x,,,10
613237,20.588,-100.4004,180,1,M87,x,,,10
613240,20.59927,-100.4087,650,1,XC5,x,,,5
613241,20.59887,-100.4087,360,2,XC5,x,,,10
613242,20.59907,-100.40479,500,1,XC5,x,,,10
613245,20.59847,-100.4005,470,1,XC5,x,,,5
613247,20.5989,-100.3987,1600,2,XC5,x,,,5
613249,20.58714,-100.3922,860,2,M87,x,,,10
613251,20.59863,-100.4109,290,1,XC5,x,,,9
613252,20.59917,-100.4138,390,1,XC5,x,,,9
613253,20.58908,-100.4008,1600,1,M87,x,,,10
613260,20.59951,-100.40046,330,2,XC5,x,,,5
613261,20.60027,-100.395,290,1,XC5,x,,,5
613264,20.59264,-100.3988,920,1,XC5,x,,,10
613265,20.5947,-100.4006,590,1,XC5,x,,,10
613266,20.59181,-100.4016,420,1,XC5,x,,,10
613278,20.62044,-100.4171,640,2,M81,x,,,9
613303,20.60714,-100.3967,380,1,XC5,x,07:00,13:00,5
613304,20.60501,-100.3952,540,1,XC5,x,07:00,13:00,5
613310,20.60842,-100.3983,560,1,XC5,x,07:00,13:00,5
613317,20.60269,-100.4101,430,1,XC5,x,,,9
613318,20.60419,-100.41,280,1,XC5,x,,,9
613326,20.60573,-100.3981,1400,2,XC5,x,,,5
613331,20.59422,-100.4018,2100,1,XC5,x,,,10
613351,20.60425,-100.3928,550,2,XC5,x,07:00,13:00,5
613899,20.58217,-100.3736,230,1,ZN8,x,,,8
613905,20.5796,-100.3803,810,1,ZN8,x,,,6
613911,20.5808,-100.3863,410,1,M87,x,,,6
613914,20.60015,-100.3744,440,2,ZN8,x,,,8
613918,20.60179,-100.3655,1200,1,ZN8,x,07:00,13:00,8
613929,20.60808,-100.33151,360,2,ZN8,x,,,8
613936,20.61534,-100.3192,760,2,ZN8,x,,,8
613939,20.59238,-100.3691,1000,2,ZN8,x,,,8
613948,20.6115,-100.328,280,1,ZN8,x,,,8
613960,20.58138,-100.3778,970,2,ZN8,x,,,8
613967,20.60032,-100.3898,560,2,XC5,x,07:00,13:00,5
613970,20.59555,-100.3838,760,2,ZN8,x,,,8
613971,20.59515,-100.3844,520,1,ZN8,x,,,8
613972,20.59031,-100.3871,1100,2,ZN8,100100,,,5
613977,20.59749,-100.3874,510,2,XC5,1001,,,8
613989,20.60049,-100.3911,380,1,XC5,x,07:00,13:00,5
613990,20.60036,-100.3922,960,2,XC5,x,07:00,13:00,5
613997,20.59359,-100.3823,2800,2,ZN8,x,,,8
614002,20.60408,-100.3909,3600,1,XC5,x,,,5
614005,20.60482,-100.385,2600,2,XC5,100100,,,8
614032,20.59985,-100.359,3600,2,ZN8,1001,07:00,13:00,8
614035,20.58229,-100.3853,300,1,M87,x,,,5
614039,20.60454,-100.3414,320,2,ZN8,x,,,8
614062,20.54292,-100.4042,3100,2,ZN6,x,,,0
614143,20.56104,-100.3998,180,2,1D4,x,07:00,13:00,6
614224,20.60535,-100.402,430,2,XC5,x,,,5
614225,20.60277,-100.39619,2100,2,XC5,x,,,5
614228,20.5709,-100.392,940,2,M87,x,,,6
614233,20.5717,-100.39251,180,2,M87,x,,,6
614655,20.7319,-100.4446,480,1,M79,x,,,11
614656,20.74137,-100.4488,340,1,M79,x,,,11
614661,20.7445,-100.4479,2000,2,M79,x,07:00,13:00,11
614702,20.76066,-100.4283,1200,2,M79,x,,,11
614711,20.82325,-100.4694,270,1,M79,x,,,11
614724,20.74139,-100.4509,700,1,M79,x,07:00,13:00,11
614738,20.74654,-100.4511,510,1,M79,x,,,11
614741,20.7464,-100.4514,790,1,M79,x,,,11
614742,20.74651,-100.451,2600,2,M79,x,,,11
614759,20.73886,-100.4469,1700,2,M79,x,,,11
614841,20.6532,-100.38596,1800,2,M77,x,,,12
614843,20.62104,-100.4054,1900,2,M81,x,,,9
614858,20.62325,-100.39175,2400,2,M92,x,,,2
614860,20.67821,-100.4572,940,1,M79,x,,,11
614861,20.62631,-100.414,1600,2,M81,x,,,9
614862,20.63956,-100.40138,670,2,M92,x,,,2
614868,20.67808,-100.4578,500,2,M79,x,,,11
614872,20.62783,-100.41667,2200,2,M81,x,,,9
614874,20.64007,-100.4007,430,2,M92,x,,,2
614890,20.63799,-100.40301,450,2,M92,x,,,2
614893,20.62844,-100.40804,3500,3,M81,x,,,9
614909,20.62357,-100.4159,710,2,M81,x,,,9
614915,20.67983,-100.4571,440,1,M79,x,,,3
614926,20.64952,-100.39979,470,2,M92,x,,,2
614928,20.63961,-100.40107,300,2,M92,x,,,2
614931,20.62399,-100.4182,1800,2,M81,x,,,9
614934,20.62786,-100.4162,3200,2,M81,x,,,9
614944,20.67706,-100.4563,1200,1,M79,x,,,11
614946,20.6307,-100.3884,550,2,M92,x,,,2
614962,20.65097,-100.40114,500,2,M92,x,,,2
614963,20.64197,-100.4009,1300,2,M92,x,,,2
614967,20.64151,-100.3957,590,2,M92,x,,,2
614968,20.64533,-100.39632,520,2,M77,x,,,12
614971,20.64314,-100.4015,540,2,M92,x,,,2
614983,20.62794,-100.407,570,2,M81,x,,,2
614995,20.6271,-100.4141,400,1,M81,x,,,9
615010,20.62818,-100.4091,1100,2,M81,x,,,2
615021,20.64766,-100.3979,640,2,M77,x,,,2
615026,20.63051,-100.3875,360,2,M92,x,,,12
615038,20.61495972,-100.4642029,230,1,1D7,x,,,7
615070,20.63512,-100.4615,1600,2,XC6,x,,,3
615071,20.61537,-100.4463,2400,2,1D7,10010,,,7
615072,20.60802,-100.4383,1100,2,X11,10010,,,1
615073,20.61599,-100.4448,790,2,1D7,10010,,,7
615075,20.61161,-100.4416,280,2,X11,x,07:00,13:00,7
615076,20.60818,-100.4407,510,1,X11,x,,,1
615077,20.62574,-100.4443,240,1,1D7,x,,,7
632383,20.59333,-100.3989,2000,1,XC5,x,,,5
634458,20.60389,-100.3999,3100,2,XC5,x,,,5
636879,20.60265,-100.4034,490,1,XC5,x,,,6
640128,20.58925,-100.3808,260,2,ZN8,x,07:00,13:00,5
640132,20.59035,-100.3767,280,1,ZN8,x,07:00,13:00,8
640149,20.61104,-100.36839,470,2,ZN8,x,,,8
641429,20.58742,-100.3988,200,1,M87,x,,,8
643504,20.55884,-100.3978,1800,2,1D4,x,07:00,13:00,10
648558,20.63171,-100.3846,500,2,M92,x,,,6
648571,20.63403,-100.40158,420,2,M92,x,,,2
650840,20.63817,-100.4651,570,2,XC6,x,,,2
650871,20.64571,-100.4621,540,2,ZN9,x,,,3
656964,20.65034,-100.4513,1900,2,ZN9,x,,,3
657247,20.57073,-100.4142,2200,2,ZN6,100100,,,3
657282,20.600567,-100.449285,1000,1,1D7,x,,,10
657285,20.59681,-100.4452,380,2,1D7,x,,,1
661514,20.63685,-100.39638,660,2,M92,x,,,1
661747,20.60596,-100.3969,960,1,XC5,x,,,2
662228,20.65356,-100.44641,1400,2,ZN9,x,,,5
662243,20.64359,-100.4683,880,2,ZN9,x,,,3
662835,20.66276,-100.5095,210,1,M79,x,,,4
662861,20.65883,-100.517,300,1,M79,x,,,4
665529,20.59835,-100.4102,1300,1,XC5,x,,,4
665598,20.5435,-100.4061,1000,2,ZN6,x,,,10
666358,20.59359932,-100.4464035,1800,1,1D7,x,,,0
667440,20.56943,-100.4125,1100,2,ZN6,x,,,1
667464,20.61796,-100.4446,450,1,1D7,x,,,10
667684,20.58734,-100.4106,880,1,M87,x,,,7
667685,20.5879,-100.4082,1700,1,M87,x,,,10
667984,20.54351,-100.4057,1700,2,ZN6,x,,,10
674166,20.662,-100.5112,450,1,M79,x,,,0
675533,20.66091,-100.5138,350,1,M79,x,,,4
682922,20.57142,-100.3742,1100,1,ZN8,x,,,4
683136,20.54261,-100.4011,2200,2,ZN6,100100,,,6
684116,20.54347992,-100.40570068,480,1,ZN6,x,,,0
684118,20.53101,-100.4089,1200,2,ZN6,x,,,0
684119,20.536,-100.4066,1700,2,ZN6,x,,,0
686480,20.5926,-100.388,730,2,ZN8,x,,,0
694516,20.66291,-100.5094,220,1,M79,x,,,5
694888,20.58196068,-100.4217987,1500,1,M87,x,,,4
694910,20.58105,-100.4216,560,1,M87,x,,,10
695672,20.60456,-100.441,180,2,X11,x,,,10
696557,20.63956,-100.4701,410,2,XC6,x,,,1
696678,20.63214,-100.4569,240,2,XC6,x,,,4
696690,20.65463,-100.3862,3200,2,M77,x,,,7
696691,20.65093,-100.3858,400,2,M77,x,,,12
696692,20.62908,-100.3904,900,2,M92,x,,,12
696694,20.64633,-100.4008,570,2,M92,x,,,2
697192,20.5658,-100.4037,300,2,M87,x,07:00,13:00,2
697681,20.53524017,-100.40840149,930,1,ZN6,x,,,6
697907,20.60584068,-100.4400024,2000,1,X11,x,,,0
698099,20.65083,-100.40026,680,2,M92,x,,,1
698375,20.59458,-100.4469,840,2,1D7,x,,,2
698387,20.6164,-100.4136,1700,1,M81,x,,,1
699098,20.57698,-100.3972,350,2,M87,x,,,9
700500,20.67394,-100.4576,500,1,M79,x,,,10
701179,20.63671,-100.39747,370,2,M92,x,,,3
701785,20.60978,-100.433,520,1,X11,x,,,2
703332,20.64553,-100.39969,400,2,M92,x,,,9
703333,20.65063,-100.39914,570,2,M77,x,,,2
703334,20.63247,-100.4554,1300,2,XC6,x,,,2
705341,20.61963,-100.4742,530,2,1D7,x,,,7
706470,20.63873,-100.39825,530,2,M92,x,,,3
706478,20.63505,-100.4731,180,2,XC6,x,,,4
708705,20.55678,-100.4043,210,2,ZN6,x,07:00,13:00,2
712049,20.63063,-100.41492,450,2,M81,x,,,4
712073,20.64423,-100.4719,520,2,ZN9,x,,,0
716924,20.55632,-100.3934,320,1,1D4,x,07:00,13:00,9
718688,20.60281,-100.433,810,2,X11,x,,,4
718824,20.56126,-100.4132,370,1,ZN6,x,,,0
719860,20.64237,-100.4725,510,2,ZN9,x,,,1
723786,20.54406,-100.4059,220,1,ZN6,100000,,,0
725363,20.57186,-100.3911,660,2,M87,x,,,4
728456,20.62211,-100.4445,1600,1,1D7,x,,,0
728460,20.63157,-100.4452,2640,2,XC6,x,,,6
729734,20.58261,-100.3734,310,1,ZN8,x,,,7
729735,20.59448,-100.3854,850,2,ZN8,x,,,7
730720,20.5777092,-100.4197006,1600,1,M87,x,07:00,13:00,8
730730,20.60578,-100.423,430,1,X11,x,,,8
731040,20.61222,-100.4437,3200,2,1D7,10010,07:00,13:00,10
731283,20.5984,-100.4333,2100,2,X11,x,,,9
731310,20.60525,-100.4414,500,2,X11,x,,,1
733651,20.59745,-100.4054,220,1,XC5,x,,,1
736347,20.58223,-100.37341,560,2,ZN8,x,,,1
739362,20.55542,-100.3918,540,2,1D4,1001,07:00,13:00,5
739975,20.61411,-100.4155,580,2,M81,x,,,8
740266,20.55162,-100.3829,2800,2,1D4,100100,07:00,13:00,6
740357,20.56839,-100.4109,1100,2,ZN6,100100,,,9
740367,20.59691,-100.4116,1500,1,XC5,x,,,6
740394,20.53121,-100.4106,1900,2,ZN6,x,,,10
740489,20.58512,-100.3761,220,2,ZN8,x,07:00,13:00,5
740681,20.59795,-100.4026,760,1,XC5,x,,,0
740692,20.60236,-100.4045,240,1,XC5,x,,,8
740702,20.61729,-100.4195,2580,1,M81,x,,,5
740717,20.59319,-100.4,690,1,XC5,x,,,5
740721,20.5962,-100.3955,610,1,XC5,x,,,9
741384,20.59864,-100.4032,1800,2,XC5,x,,,10
741838,20.61276,-100.44813,790,1,1D7,x,,,5
746778,20.57168961,-100.4044037,690,1,M87,x,,,5
747952,20.63018,-100.4543,680,1,XC6,x,,,7
749826,20.56319,-100.3871,1700,2,1D4,x,,,10
752019,20.63047,-100.4624,400,2,XC6,x,,,7
752664,20.6587,-100.4718,890,2,ZN9,x,,,6
757302,20.60281,-100.4022,420,2,XC5,x,,,7
759094,20.62821,-100.4469,190,1,XC6,x,,,4
760447,20.74142,-100.4535,1200,2,M79,x,,,5
760882,20.56729,-100.4199,770,2,ZN6,x,,,7
761184,20.57075,-100.3898,380,1,M87,x,,,11
761185,20.57062,-100.3902,470,1,M87,x,,,10
762911,20.6022,-100.4383,3360,2,X11,100100,,,6
764670,20.54959,-100.3953,480,1,1D4,x,,,6
766001,20.60886,-100.4241,2200,1,X11,x,,,1
768226,20.60742,-100.4027,1000,1,XC5,x,07:00,13:00,0
770081,20.63695,-100.4678,860,2,XC6,x,,,9
772356,20.60348,-100.4417,3100,2,X11,x,,,5
772357,20.60473,-100.4379,320,2,X11,x,,,4
772358,20.57077,-100.3726,1500,2,ZN8,100100,,,1
772858,20.62912,-100.44609,510,2,XC6,x,,,1
777935,20.62645,-100.447,1400,1,XC6,x,,,6
779020,20.62608,-100.4441,1900,2,XC6,100100,,,7
781561,20.63161,-100.4563,300,2,XC6,x,,,7
781563,20.64231,-100.4676,1300,2,ZN9,x,,,7
785811,20.68294,-100.4526,480,1,M79,x,,,3
788654,20.64991,-100.39462,610,2,M77,x,,,3
790356,20.58725,-100.4068,370,1,M87,x,,,11
795989,20.62692,-100.3991,3240,2,M92,x,,,2
801525,20.56176,-100.3763,430,2,1D4,x,07:00,13:00,10
807993,20.56245,-100.3896,2000,2,1D4,x,,,5
813495,20.64449,-100.4732,460,2,ZN9,x,,,6
813503,20.64119,-100.4641,460,2,ZN9,x,,,6
823659,20.63282,-100.3973,830,2,M92,x,,,4
823660,20.64334,-100.3957,280,2,M92,x,,,3
824284,20.59974,-100.35822,1800,2,ZN8,10010,07:00,13:00,2
824495,20.56675,-100.39,1200,2,M87,x,,,2
824509,20.67914,-100.4534,240,1,M79,x,,,8
824522,20.65424,-100.385,180,1,M77,x,,,6
824530,20.69446,-100.4805,420,1,M79,x,,,11
833251,20.62726,-100.4576,540,2,XC6,x,,,12
833603,20.59925,-100.4311,340,2,X11,x,,,11
833627,20.73729,-100.4474,1100,1,M79,x,,,7
833632,20.74113,-100.4498,570,2,M79,x,07:00,13:00,1
837306,20.74131,-100.447,1200,2,M79,x,,,11
838920,20.65207,-100.3984,1200,2,M77,x,,,11
838931,20.74387,-100.4473,7200,2,M79,x,07:00,13:00,11
839677,20.64216,-100.4745,710,2,ZN9,x,,,2
839938,20.74062,-100.4486,950,1,M79,x,,,11
839939,20.74077,-100.44691,220,1,M79,x,,,4
841142,20.6451,-100.40137,550,2,M92,x,,,11
841145,20.64359,-100.4009,370,2,M92,x,,,11
845762,20.61201,-100.3767,2300,2,ZN8,100100,07:00,13:00,2
845765,20.61381,-100.3735,1000,2,ZN8,x,,,2
876374,20.63071,-100.4047,660,2,M81,x,,,5
876996,20.64124,-100.4638,260,2,ZN9,x,,,8
877001,20.55607,-100.404,250,1,ZN6,x,07:00,13:00,2
877848,20.62265,-100.40985,380,2,M81,x,,,3
877849,20.62785,-100.40826,2700,2,M81,x,,,0
878349,20.6166,-100.4681,1100,1,1D7,x,07:00,13:00,9
880445,20.55674,-100.3882,770,1,1D4,x,,,2
884097,20.60317,-100.3908,1000,1,XC5,x,,,7
887175,20.59605,-100.4299,690,2,X11,x,,,6
887999,20.63021,-100.3942,300,2,M92,x,,,5
889737,20.60361,-100.4028,400,2,XC5,x,,,1
889739,20.60399,-100.3972,650,1,XC5,x,,,5
889756,20.82719,-100.4722,360,1,M79,x,,,5
898393,20.62984,-100.4684,2400,2,XC6,x,,,5
898394,20.67705,-100.4558,1500,1,M79,x,,,11
898404,20.63094,-100.40653,1100,2,M81,x,,,4
900104,20.59592,-100.4061,420,1,XC5,x,,,11
901655,20.6082,-100.3959,240,1,XC5,x,07:00,13:00,2
901656,20.65073,-100.40082,390,2,M92,x,,,10
901659,20.63427,-100.39473,180,2,M92,x,,,5
911076,20.59571,-100.4496,340,1,1D7,x,,,2
923620,20.601513,-100.440698,1800,2,X11,x,,,2
923629,20.60701,-100.4405,330,2,X11,x,,,1
923641,20.59035,-100.3833,340,2,ZN8,x,07:00,13:00,1
925083,20.59799,-100.3798,1400,1,ZN8,x,,,1
925091,20.57375,-100.38842,270,2,M87,x,,,8
925431,20.59805,-100.3768,2900,2,ZN8,100100,,,8
925811,20.64287,-100.39451,1000,2,M92,x,,,6
927021,20.60923,-100.3616,1500,2,ZN8,x,,,8
927022,20.59628,-100.35224,650,2,ZN8,x,,,12
931552,20.64711,-100.4529,2800,2,ZN9,x,07:00,13:00,8
932548,20.62588,-100.41418,330,2,M81,x,,,8
936535,20.55864,-100.3773,1800,2,1D4,x,07:00,13:00,3
936539,20.62776,-100.41066,1500,2,M81,x,,,9
937073,20.77797,-100.4522,360,1,M79,x,,,6
937304,20.61337,-100.4372,710,2,X11,10010,,,9
937316,20.58146095,-100.4225006,340,1,M87,x,,,11
940042,20.57152939,-100.40450287,740,1,M87,x,,,1
946555,20.53486,-100.4075,180,1,ZN6,x,,,10
947041,20.56038,-100.3914,860,1,1D4,x,,,10
947047,20.73096,-100.44358,770,1,M79,x,,,0
947050,20.74206,-100.4508,1200,1,M79,x,,,6
947292,20.57871,-100.3859,310,2,M87,x,,,11
948630,20.55088,-100.389,300,1,1D4,x,07:00,13:00,11
950379,20.61687,-100.467,590,1,1D7,x,07:00,13:00,8
951594,20.64805,-100.40025,2000,2,M92,x,,,0
952277,20.60226,-100.3911,1300,1,XC5,x,,,7
953052,20.64914,-100.4004,210,2,M92,x,,,2
953055,20.58102,-100.4235,1000,2,M87,x,,,5
953414,20.63087,-100.3981,1500,1,M92,x,,,2
953419,20.64144,-100.3968,580,2,M92,x,,,10
964253,20.6132,-100.3735,460,1,ZN8,x,,,2
966225,20.54146,-100.3956,1000,2,ZN6,x,,,2
968846,20.6256,-100.3978,1920,2,M92,x,,,8
968852,20.60602,-100.3965,1500,1,XC5,x,07:00,13:00,0
969353,20.56997,-100.3964,370,1,M87,x,,,2
981211,20.63419,-100.3983,560,1,M92,x,,,5
987782,20.55057,-100.38674,500,1,1D4,x,,,10
987787,20.55505,-100.3844,750,2,1D4,x,,,2
988760,20.64103,-100.4671,520,2,ZN9,x,,,0
989259,20.57760048,-100.4196014,470,1,M87,x,07:00,13:00,6
991236,20.58701,-100.4106,2000,2,M87,x,,,4
994628,20.68836,-100.5063,490,1,M79,x,,,10
995907,20.57511,-100.3732,330,1,ZN8,x,,,10
997209,20.61365,-100.4477,930,2,1D7,x,,,11
997841,20.56962,-100.4161,770,2,ZN6,x,,,8
999329,20.61422,-100.4342,1200,1,X11,x,,,7
999331,20.60936,-100.4329,330,1,X11,x,,,10
999480,20.5712,-100.3921,3360,2,M87,x,,,9
1002487,20.74146,-100.4532,770,1,M79,x,07:00,13:00,1
1006445,20.53474,-100.4056,3000,2,ZN6,x,,,6
1007254,20.66135,-100.473,540,2,ZN9,x,,,11
1007255,20.63431,-100.4737,180,2,XC6,x,,,0
1010184,20.62999,-100.4147,220,2,M81,x,,,4
1013180,20.60463,-100.4377,850,1,X11,x,,,4
1026360,20.74108,-100.4466,1100,1,M79,x,,,9
1033275,20.63904,-100.4527,1800,2,XC6,x,,,1
1035915,20.6266,-100.39545,510,2,M92,x,,,11
1054243,20.5902,-100.3797,360,1,ZN8,x,07:00,13:00,3
1054252,20.57138,-100.4199,2300,2,ZN6,100100,,,2
1060034,20.60524,-100.4021,440,2,XC5,x,,,8
1060114,20.60472,-100.3927,320,2,XC5,x,,,10
1061240,20.601127,-100.447848,600,1,1D7,x,,,5
1062451,20.62174,-100.461,880,2,1D7,x,,,5
1062767,20.64619,-100.4545,1800,1,ZN9,x,,,1
1063028,20.59205,-100.3876,690,1,ZN8,x,,,7
1063584,20.60507,-100.4058,360,2,XC5,x,,,3
1063834,20.5657,-100.388,350,1,1D4,x,,,8
1063835,20.58059,-100.3881,760,2,M87,x,,,9
1068054,20.6484,-100.40259,1000,2,M92,x,,,6
1068634,20.60258,-100.3889,730,1,XC5,x,,,10
1070248,20.63282,-100.4717,180,2,XC6,x,,,2
1071038,20.60569,-100.4239,980,2,X11,x,,,5
1071595,20.5596,-100.3838,1000,2,1D4,x,07:00,13:00,4
1071630,20.55842,-100.3745,480,2,1D4,x,,,9
1075352,20.5528,-100.38712,2100,1,1D4,x,,,6
1075353,20.55011,-100.3902,180,1,1D4,x,07:00,13:00,6
1075861,20.63199,-100.39915,290,2,M92,x,,,6
1077588,20.63284,-100.39529,550,2,M92,x,,,0
1077589,20.6104393,-100.4434967,390,1,1D7,x,,,2
1080924,20.62428,-100.4589,1600,2,1D7,x,,,2
1082356,20.62552,-100.4671,930,2,1D7,x,,,1
1082844,20.62698,-100.4564,1400,2,XC6,x,,,7
1083546,20.55038,-100.3894,1000,1,1D4,x,07:00,13:00,4
1084235,20.64466,-100.4733,1200,2,ZN9,x,,,7
1089516,20.5462,-100.4097,850,2,ZN6,10010,,,0
1089617,20.64598,-100.38891,710,2,M77,x,,,4
1094119,20.542962,-100.402917,640,1,ZN6,x,,,0
1095568,20.54125,-100.4041,1400,2,ZN6,x,,,12
1096822,20.65173,-100.39663,670,2,M77,x,,,0
1097399,20.82445,-100.4688,380,1,M79,x,,,0
1098749,20.63621,-100.4594,1500,2,XC6,x,,,12
1102983,20.62789,-100.4688,250,2,XC6,x,07:00,13:00,11
1102984,20.62627,-100.4732,370,2,XC6,x,07:00,13:00,3
1103097,20.60844,-100.4682,430,1,1D7,x,07:00,13:00,4
1103102,20.62088,-100.4702,300,2,1D7,x,,,4
1103103,20.65221,-100.4557,2000,1,ZN9,1000,,,7
1103190,20.64306,-100.4659,370,2,ZN9,x,,,4
1103228,20.65351,-100.4503,1120,2,ZN9,x,,,3
1103229,20.64161,-100.4758,490,2,ZN9,x,,,4
1103231,20.6274,-100.4702,180,2,XC6,x,07:00,13:00,3
1105698,20.55658,-100.3905,540,1,1D4,x,,,4
1116100,20.61202,-100.438,560,1,X11,x,,,4
1116443,20.58392,-100.3676,1700,2,ZN8,10010,,,6
1116454,20.53479958,-100.408699,550,2,ZN6,x,,,1
1116462,20.82609,-100.47,370,1,M79,x,,,8
1116694,20.64431,-100.4715,510,2,ZN9,x,,,0
1116706,20.63938,-100.4626,600,2,XC6,x,,,11
1116845,20.63977,-100.462,870,2,XC6,x,,,4
1116965,20.63614,-100.4584,220,2,XC6,x,,,3
1116967,20.63936,-100.4775,1300,2,XC6,x,,,3
1116968,20.64464,-100.4697,510,2,ZN9,x,,,3
1118459,20.65938,-100.34,350,1,M77,x,,,4
1119364,20.55882,-100.4025,240,2,1D4,x,07:00,13:00,4
1119719,20.55548,-100.4013,220,1,1D4,x,07:00,13:00,12
1119720,20.55904,-100.4023,260,2,1D4,x,07:00,13:00,0
1119914,20.58374,-100.3756,300,2,ZN8,x,07:00,13:00,0
1130203,20.56802,-100.3263,180,1,ZN8,x,,,6
1130205,20.5606,-100.3824,1000,2,1D4,x,07:00,13:00,8
1136256,20.57958,-100.384,1900,2,M87,x,,,8
1136563,20.60914,-100.3264,390,2,ZN8,x,,,6
1138938,20.54802,-100.4103,540,2,ZN6,10010,,,8
1147786,20.58459,-100.3751,190,1,ZN8,x,07:00,13:00,8
1147790,20.56011,-100.3787,870,2,1D4,x,07:00,13:00,0
1150776,20.59809,-100.4307,370,1,X11,x,,,8
1151424,20.62407,-100.477,440,2,1D7,x,07:00,13:00,6
1151426,20.63331,-100.4494,180,2,XC6,x,,,1
1151428,20.59855,-100.3783,840,1,ZN8,x,,,4
1152395,20.53342056,-100.40740204,480,2,ZN6,x,,,3
1154041,20.6161,-100.4136,1300,1,M81,x,,,8
1155736,20.59844,-100.4505,490,1,1D7,10,,,9
1156496,20.7387,-100.4475,420,1,M79,x,,,1
1162734,20.60936,-100.4255,1100,2,X11,x,,,11
1162866,20.63912,-100.465,500,2,XC6,x,,,9
1162867,20.63836,-100.464,610,2,XC6,x,,,3
1163181,20.56706,-100.3242,680,2,ZN8,x,,,3
1164753,20.56394,-100.3692,1100,2,ZN8,x,07:00,13:00,8
1166191,20.63797,-100.4091,3100,2,M92,x,,,8
1166199,20.5622,-100.392,250,2,1D4,x,,,2
1172210,20.63008,-100.39908,300,2,M92,x,,,6
1175157,20.65555,-100.33894,490,1,M77,x,,,2
1175158,20.65659,-100.3396,440,1,M77,x,,,12
1175380,20.65981,-100.5085,520,1,M79,x,,,12
1175381,20.66078,-100.5141,370,1,M79,x,,,4
1186362,20.62748,-100.40448,1100,2,M81,x,,,4
1190089,20.59305,-100.4485,860,2,1D7,x,,,2
1193325,20.59475,-100.426,610,2,X11,x,,,1
1193327,20.63585,-100.44861,1800,2,XC6,x,,,10
1193331,20.60428,-100.3952,560,2,XC5,x,07:00,13:00,3
1193332,20.6058,-100.3941,310,1,XC5,x,07:00,13:00,5
1193333,20.60437,-100.3951,230,1,XC5,x,07:00,13:00,5
1203779,20.5787,-100.3965,490,2,M87,x,,,5
1203781,20.57173,-100.3876,1600,1,M87,x,,,10
1204607,20.55889,-100.3783,620,2,1D4,x,07:00,13:00,6
1204618,20.62716,-100.403,180,2,M92,x,,,6
1205333,20.59488,-100.4277,1100,2,X11,x,,,5
1205334,20.61338,-100.4465,750,1,1D7,x,,,10
1205340,20.60714,-100.3973,190,1,XC5,x,07:00,13:00,7
1205355,20.63335,-100.3806,580,2,M92,x,,,5
1206097,20.65149,-100.39629,400,2,M77,x,,,12
1206559,20.62878,-100.41486,490,2,M81,x,,,6
1207048,20.63408,-100.45961,1500,2,XC6,x,,,12
1209669,20.5885,-100.3967,660,1,M87,x,,,9
1210089,20.63112,-100.3886,650,2,M92,x,,,3
1210527,20.64442,-100.38419,350,2,M77,x,,,10
1210548,20.65528,-100.3395,430,1,M77,x,,,2
1210549,20.6231,-100.40613,800,2,M81,x,,,12
1210944,20.67985,-100.452,1200,2,M79,x,,,12
1210946,20.67649,-100.4568,700,1,M79,x,,,5
1210950,20.65472,-100.47077,680,2,ZN9,x,,,3
1211175,20.7423,-100.4554,330,1,M79,x,07:00,13:00,11
1211177,20.74139,-100.4569,290,1,M79,x,07:00,13:00,4
1211226,20.62653,-100.4188,860,2,M81,x,,,11
1211407,20.66148,-100.4728,750,2,ZN9,x,,,11
1223011,20.58344,-100.3762,240,1,ZN8,x,,,9
1223051,20.62296,-100.404,790,4,M81,x,,,4
1223052,20.63819,-100.3917,470,2,M92,x,,,8
1223054,20.6432,-100.4667,480,2,ZN9,x,,,9
1223080,20.63143,-100.46334,430,2,XC6,x,,,2
1223083,20.63657,-100.39096,610,2,M92,x,,,3
1223086,20.63797,-100.40096,220,2,M92,x,,,7
1223090,20.63572,-100.4601,780,2,XC6,x,,,12
1223150,20.53509,-100.409,250,2,ZN6,x,,,2
1223181,20.66299,-100.5085,590,1,M79,x,,,3
1223189,20.73952,-100.4476,660,1,M79,x,,,0
1223192,20.61436,-100.4424,320,1,X11,x,,,4
1223200,20.69264,-100.5059,500,1,M79,x,,,11
1223219,20.64333,-100.4503,1600,2,ZN9,x,,,7
1223220,20.64325,-100.4515,720,2,ZN9,x,,,11
1223229,20.53248978,-100.41870117,690,2,ZN6,x,,,3
1223231,20.64123,-100.4521,1600,2,XC6,x,,,3
1223232,20.66132,-100.5129,1400,2,M79,x,,,0
1223277,20.59869,-100.4476,320,2,1D7,x,,,3
1223300,20.57275,-100.3969,1300,1,M87,x,,,4
1223303,20.61734,-100.4508,340,1,1D7,x,,,1
1244864,20.62586,-100.4538,1100,2,1D7,x,,,6
1245183,20.54281,-100.40253,870,2,ZN6,x,,,7
1245249,20.59619,-100.4141,550,1,XC5,x,,,7
1245260,20.56164,-100.37816,710,2,1D4,x,07:00,13:00,0
1245264,20.64251,-100.3842,1200,2,M77,x,,,10
1248783,20.62001,-100.4429,2700,2,1D7,x,,,6
1249004,20.55719,-100.3722,1800,2,1D4,x,07:00,13:00,12
1249480,20.65704,-100.3399,250,1,M77,x,,,7
1250399,20.6247,-100.4771,480,2,1D7,x,07:00,13:00,6
1250401,20.63872,-100.4589,840,2,XC6,x,,,12
1250402,20.62763,-100.4725,720,2,XC6,x,,,4
1250403,20.65231,-100.4506,1100,2,ZN9,x,,,3
1252893,20.56541,-100.3969,230,1,M87,x,07:00,13:00,4
1253588,20.62927,-100.4563,240,1,XC6,x,,,3
1253594,20.59604073,-100.4300003,380,1,X11,x,,,6
1253596,20.59532,-100.4305,360,2,X11,x,,,7
1256673,20.65817,-100.3412,280,1,M77,x,,,1
1256745,20.65144,-100.3394,2700,1,M77,x,,,1
1256762,20.62568,-100.4215,500,2,M81,x,,,12
1256764,20.56056,-100.3914,690,2,1D4,x,,,12
1256766,20.55891,-100.3801,2200,2,1D4,x,07:00,13:00,9
1256768,20.64712,-100.4557,400,2,ZN9,x,,,6
1256770,20.63531,-100.4666,660,2,XC6,x,,,6
1256771,20.63486,-100.4702,310,2,XC6,x,,,3
1259321,20.54724,-100.3856,1200,1,1D4,x,,,4
1261859,20.5555191,-100.4041977,900,1,ZN6,x,07:00,13:00,4
1277169,20.61168,-100.4392,1400,2,X11,x,,,0
1277170,20.61084,-100.4369,670,1,X11,x,,,0
1277171,20.59703,-100.4496,710,1,1D7,x,,,1
1277173,20.63512,-100.4686,3420,2,XC6,x,,,1
1277257,20.56690979,-100.3858032,480,1,1D4,x,,,1
1277268,20.59947,-100.4333,2700,2,X11,x,,,4
1277270,20.59272003,-100.4166031,570,2,XC5,x,,,1
1277282,20.5584,-100.4183,190,1,ZN6,x,,,10
1278443,20.62843,-100.4607,230,2,XC6,x,,,0
1278447,20.65507,-100.4671,1050,2,ZN9,x,,,7
1278453,20.66173,-100.4734,720,1,ZN9,x,,,3
1278454,20.66061,-100.47488,440,2,ZN9,x,,,4
1279041,20.65534,-100.4736,2300,2,ZN9,x,,,4
1284030,20.58604,-100.3929,2520,3,M87,x,,,4
1287597,20.62406,-100.4769,3000,2,1D7,x,07:00,13:00,10
1288611,20.63792,-100.3869,590,2,M92,x,,,4
1299998,20.54513,-100.3902,1900,2,1D4,100100,,,12
1299999,20.55108,-100.3927,250,1,1D4,x,,,0
1301216,20.62873,-100.4436,2800,2,XC6,x,,,0
1301217,20.62821,-100.4439,320,1,XC6,x,,,7
1301219,20.60585,-100.4503,2200,2,1D7,x,,,7
1303472,20.65891,-100.4544,1300,2,ZN9,x,,,7
1303477,20.58235,-100.3982,1900,2,M87,x,,,3
1311700,20.62496,-100.4091,500,1,M81,x,,,10
1312805,20.5506,-100.3899,240,1,1D4,x,07:00,13:00,9
1312819,20.70919,-100.4584,430,1,M79,x,,,0
1312823,20.60601,-100.3327,380,1,ZN8,x,,,11
1312828,20.61113,-100.3768,270,1,ZN8,x,07:00,13:00,8
1312829,20.60607,-100.3318,300,2,ZN8,x,,,8
1312834,20.71066,-100.45821,580,1,M79,x,,,8
1312850,20.70842,-100.4577,600,1,M79,x,,,11
1312856,20.59139,-100.3851,310,1,ZN8,x,,,11
1312866,20.63434,-100.4653,500,2,XC6,x,,,8
1312869,20.64406,-100.4495,940,1,ZN9,x,,,4
1312891,20.60983,-100.3257,320,1,ZN8,x,,,3
1312922,20.5998,-100.4071,550,1,XC5,x,,,8
1312925,20.82043,-100.4671,650,1,M79,x,,,5
1312928,20.61062,-100.3249,290,2,ZN8,x,,,11
1312929,20.59747,-100.4111,260,1,XC5,x,,,8
1312961,20.55658,-100.4037,350,2,ZN6,x,07:00,13:00,10
1312971,20.58963,-100.3781,380,1,ZN8,x,07:00,13:00,0
1312983,20.62703,-100.4225,250,2,M81,x,,,8
1312985,20.5572,-100.40319,210,2,1D4,x,07:00,13:00,9
1313000,20.65089,-100.4521,1100,1,ZN9,x,,,0
1313021,20.60351,-100.4287,790,2,X11,x,,,3
1313032,20.60198,-100.3671,670,2,ZN8,x,07:00,13:00,1
1313045,20.60583,-100.3928,290,1,XC5,x,07:00,13:00,8
1313050,20.65412,-100.3396,1100,1,M77,x,,,5
1313059,20.5657,-100.3993,290,1,M87,x,07:00,13:00,12
1313063,20.60755,-100.3949,260,1,XC5,x,07:00,13:00,10
1313102,20.76134,-100.4284,2300,2,M79,x,,,5
1313110,20.62176,-100.4421,230,1,1D7,x,,,11
1313122,20.55398,-100.3871,1400,2,1D4,x,,,7
1313128,20.57143,-100.3935,1300,2,M87,x,,,6
1313131,20.65236,-100.4524,260,1,ZN9,x,,,10
1313158,20.54889,-100.3907,180,1,1D4,x,07:00,13:00,3
1313175,20.54922,-100.3911,270,1,1D4,x,07:00,13:00,0
1313182,20.61246,-100.432,1300,2,X11,x,,,0
1313193,20.62824,-100.405,180,2,M81,x,,,9
1313204,20.62548,-100.3937,300,2,M92,x,,,2
1313211,20.5728,-100.3936,370,2,M87,x,,,5
1313236,20.59254,-100.4173,540,1,XC5,x,,,6
1313246,20.65275,-100.4566,230,1,ZN9,x,,,10
1313263,20.62916,-100.3846,1400,1,M92,x,,,3
1313312,20.59237,-100.3995,520,1,XC5,x,,,12
1313326,20.62363,-100.4455,380,1,1D7,x,,,5
1313356,20.62605,-100.4463,540,2,XC6,x,,,7
1313388,20.74132,-100.4406,180,1,M79,x,,,7
1313395,20.63494,-100.3998,420,1,M92,x,,,11
1313406,20.7438,-100.4405,350,1,M79,x,,,2
1313408,20.64902,-100.4455,1000,1,ZN9,x,,,11
1313418,20.74383,-100.4407,390,1,M79,x,,,3
1313422,20.59843,-100.4483,950,1,1D7,x,,,11
1313434,20.59431,-100.4468,260,2,1D7,x,,,1
1313439,20.59039,-100.3801,440,1,ZN8,x,07:00,13:00,1
1313482,20.59045,-100.3768,1100,2,ZN8,x,07:00,13:00,8
1313506,20.72641,-100.4415,1300,2,M79,x,,,8
1313530,20.73399,-100.4455,410,2,M79,x,,,11
1313549,20.61767,-100.4165,250,1,M81,x,,,11
1313571,20.6474,-100.4472,1500,1,ZN9,x,,,9
1313572,20.6166,-100.4165,240,1,M81,x,,,3
1313574,20.56157,-100.3919,470,1,1D4,x,,,9
1313601,20.64744,-100.4478,640,1,ZN9,x,,,6
1313634,20.60859,-100.3967,520,1,XC5,x,07:00,13:00,3
1313639,20.6149,-100.4188,250,2,M81,x,,,5
1313665,20.70864,-100.4591,700,1,M79,x,,,9
1313673,20.73815,-100.4407,210,1,M79,x,,,11
1313682,20.59215,-100.3859,200,1,ZN8,x,,,11
1313701,20.81894,-100.4658,450,1,M79,x,,,8
1313719,20.55835,-100.3898,800,2,1D4,x,,,11
1313733,20.58911,-100.3804,220,1,ZN8,x,07:00,13:00,6
1313742,20.5563,-100.37,2900,2,1D4,x,07:00,13:00,8
1313747,20.5557,-100.3915,290,1,1D4,x,,,6
1313776,20.62565,-100.4173,410,2,M81,x,,,0
1313828,20.61167,-100.4306,370,2,X11,x,,,9
1313848,20.6351,-100.4617,270,2,XC6,x,,,1
1313851,20.61104,-100.4287,590,1,X11,x,,,3
1313878,20.56337,-100.3823,1500,2,1D4,x,,,9
1313881,20.61856,-100.4521,240,1,1D7,x,,,6
1313905,20.6098,-100.439,1300,2,X11,x,,,7
1313906,20.60796,-100.3983,680,1,XC5,x,07:00,13:00,1
1313919,20.64909,-100.4553,380,2,ZN9,x,,,5
1313955,20.64849,-100.455,200,2,ZN9,x,07:00,13:00,3
1313959,20.59514,-100.4469,380,2,1D7,x,,,3
1313960,20.6002,-100.3966,1900,1,XC5,x,,,1
1313966,20.59069,-100.3835,690,1,ZN8,x,07:00,13:00,5
1313970,20.59617043,-100.4484024,210,1,1D7,x,,,8
1313982,20.60333,-100.4294,850,2,X11,x,,,1
1314011,20.53484,-100.4063,490,2,ZN6,x,,,9
1314030,20.61901,-100.4278,1400,1,M81,x,,,0
1314058,20.60239029,-100.4345017,820,1,X11,x,,,9
1314082,20.76119,-100.4316,450,1,M79,x,,,1
1314136,20.56463,-100.3848,1300,1,1D4,x,,,11
1314224,20.55392,-100.3914,600,2,1D4,x,,,6
1314228,20.65262,-100.3398,3500,2,M77,x,,,0
1314286,20.64593,-100.4589,880,2,ZN9,x,,,12
1314291,20.60422,-100.4396,690,2,X11,x,,,3
1314295,20.59266,-100.3986,730,1,XC5,x,,,1
1314309,20.6035,-100.4365,980,2,X11,x,,,5
1314311,20.60567,-100.3957,500,1,XC5,x,07:00,13:00,1
1314318,20.63393,-100.4714,200,2,XC6,x,,,5
1314361,20.64738,-100.4531,820,2,ZN9,x,,,4
1314369,20.6097908,-100.4402008,180,1,X11,x,,,3
1314378,20.63955,-100.4775,540,2,XC6,x,,,1
1314395,20.63649,-100.3997,550,2,M92,x,,,4
1314397,20.63279,-100.4696,360,2,XC6,x,,,2
1314420,20.62782,-100.4223,580,2,M81,x,,,4
1314430,20.7378,-100.4475,2100,2,M79,x,,,9
1314431,20.63561,-100.3971,240,2,M92,x,,,11
1314437,20.6414,-100.4615,1600,2,ZN9,x,,,2
1314449,20.82529,-100.4699,290,1,M79,x,,,3
1314461,20.64341,-100.4645,860,2,ZN9,x,,,11
1314505,20.57691,-100.3936,1000,2,M87,x,,,4
1314530,20.58666,-100.3969,370,1,M87,1,,,6
1314556,20.64692,-100.4643,420,2,ZN9,x,,,10
1314563,20.56164,-100.3973,180,2,1D4,x,07:00,13:00,4
1314587,20.65658,-100.3842,690,2,M77,x,,,6
1314588,20.66157,-100.5092,210,1,M79,x,,,12
1314600,20.708,-100.4584,450,1,M79,x,,,4
1314610,20.61792,-100.4745,440,2,1D7,x,,,11
1329293,20.60327,-100.3947,1000,3,XC5,x,07:00,13:00,7
1329297,20.60602,-100.3322,250,1,ZN8,x,,,5
1329310,20.59982,-100.3938,1500,1,XC5,x,,,8
1329311,20.60385,-100.3948,1000,1,XC5,x,07:00,13:00,5
1330228,20.58727,-100.4017,250,1,M87,x,,,5
1330284,20.62613,-100.4509,410,1,XC6,x,,,10
1330286,20.56201,-100.3925,1600,2,1D4,x,,,7
1330339,20.56428,-100.42,2800,2,ZN6,x,,,6
1330341,20.53378,-100.3962,320,1,ZN6,x,,,10
1330342,20.53269,-100.3923,520,2,ZN6,x,,,0
1330343,20.53049,-100.3921,180,1,ZN6,x,,,0
1330344,20.5505,-100.3933,700,2,1D4,x,,,0
1330345,20.55387,-100.4015,190,2,ZN6,x,,,0
1330346,20.53228,-100.3911,180,1,ZN6,x,,,0
1330349,20.61309,-100.4147,690,2,M81,x,,,0
1330350,20.62244,-100.4172,550,2,M81,x,,,9
1335717,20.55839,-100.3966,440,2,1D4,x,07:00,13:00,9
1335718,20.56766,-100.3917,1600,2,M87,x,,,6
1335723,20.54962,-100.3894,340,1,1D4,x,,,6
1335727,20.56425,-100.3941,210,1,M87,x,07:00,13:00,0
1335730,20.66384,-100.3746,1200,2,M77,x,,,6
1335739,20.64803,-100.3876,1700,2,M77,x,,,12
1335741,20.61106,-100.3323,240,2,ZN8,x,,,2
1335761,20.5536,-100.4,390,1,1D4,x,,,8
1335765,20.61442,-100.4136,330,2,M81,x,,,0
1335768,20.64981,-100.3776,270,2,M77,x,,,9
1340289,20.55134,-100.3782,910,2,1D4,x,07:00,13:00,12
1340291,20.55789,-100.3793,720,2,1D4,x,07:00,13:00,6
1340292,20.62161,-100.4109,350,2,M81,x,,,6
1340300,20.5506,-100.3791,290,1,1D4,x,07:00,13:00,9
1340310,20.53483,-100.4095,2700,2,ZN6,x,,,6
1340311,20.54834,-100.388,520,2,1D4,x,,,0
1340312,20.5316,-100.3913,360,1,ZN6,x,,,0
1343809,20.5514,-100.4017,440,2,ZN6,x,,,0
1343812,20.74784,-100.4512,580,1,M79,x,,,0
1343817,20.5998,-100.4334,1100,2,X11,x,,,11
1344085,20.7684,-100.4472,520,1,M79,x,,,1
1345817,20.55577,-100.395,190,1,1D4,x,07:00,13:00,11
1345818,20.55334,-100.3921,300,1,1D4,x,07:00,13:00,0
1345821,20.6091,-100.3986,200,1,XC5,x,07:00,13:00,0
1345822,20.60925,-100.4043,1700,1,XC5,x,,,5
1345828,20.77044,-100.4363,1000,1,M79,x,,,9
1356541,20.56138,-100.3824,1200,1,1D4,x,07:00,13:00,11
1356549,20.57823,-100.39195,560,2,M87,x,,,6
1356551,20.61442,-100.4459,1900,2,1D7,x,,,10
1356553,20.58813,-100.4114,760,1,M87,x,,,7
1356563,20.68991,-100.4784,1200,2,M79,x,,,10
1362422,20.55005,-100.3791,310,1,1D4,x,07:00,13:00,11
1362424,20.53766,-100.3975,410,1,ZN6,x,,,6
1362426,20.60685,-100.4053,710,1,XC5,x,07:00,13:00,0
1362427,20.6082,-100.4035,450,1,XC5,x,07:00,13:00,5
1362428,20.64827,-100.3966,830,2,M77,x,,,9
1362433,20.60771,-100.3962,180,1,XC5,x,07:00,13:00,2
1362439,20.60926,-100.3338,440,2,ZN8,x,,,5
1362440,20.63806,-100.4184,1800,2,M81,x,,,8
1362457,20.60401,-100.4416,300,1,X11,x,,,9
1362460,20.60836,-100.3947,600,1,XC5,x,07:00,13:00,1
1362510,20.65624,-100.3396,680,2,M77,x,,,5
1362515,20.62987,-100.3501,530,1,M77,x,,,12
1362527,20.76719,-100.4385,390,2,M79,x,,,8
1362537,20.77537,-100.4426,1700,1,M79,x,,,11
1366511,20.76885,-100.4376,200,1,M79,x,,,11
1366748,20.59774971,-100.428299,180,1,X11,x,,,11
1366750,20.59181,-100.3337,1800,2,ZN8,x,,,1
1366751,20.60075,-100.3879,1900,1,XC5,x,,,8
1366772,20.60048,-100.39,530,2,XC5,x,07:00,13:00,5
1366790,20.64514,-100.4755,860,2,ZN9,x,,,5
1366793,20.6295,-100.3512,410,1,M77,x,07:00,13:00,4
1366798,20.61591,-100.4535,2500,1,1D7,x,,,8
1366804,20.61448,-100.4172,260,2,M81,x,,,7
1368701,20.58983,-100.3975,790,1,M87,x,,,9
1370808,20.65809,-100.3765,970,2,M77,x,,,5
1370809,20.65402,-100.3914,1000,2,M77,x,,,12
1370810,20.6589,-100.3768,440,1,M77,x,,,12
1370908,20.65072,-100.3395,280,1,M77,x,,,12
1370909,20.65473,-100.3811,250,2,M77,x,,,12
1370926,20.6387,-100.458,670,2,XC6,x,,,12
1370929,20.67636,-100.4523,2220,2,M79,x,,,3
1370930,20.6278,-100.4609,390,1,XC6,x,,,11
1370931,20.64489,-100.455,1300,2,ZN9,x,,,7
1370936,20.6547,-100.383,310,1,M77,x,,,3
1370937,20.62761,-100.4609,560,2,XC6,x,,,12
1373937,20.61226,-100.4361,1700,2,X11,10010,,,7
1373939,20.61216,-100.4393,370,1,X11,x,,,1
1373941,20.63351,-100.4629,940,2,XC6,x,,,7
1373943,20.56252,-100.4138,640,1,ZN6,x,,,3
1373984,20.65459,-100.3811,1500,2,M77,x,,,10
1373986,20.61584,-100.4182,670,1,M81,x,,,12
1373988,20.6168,-100.4188,420,2,M81,x,,,9
1373990,20.55349,-100.4015,400,2,ZN6,x,,,9
1373995,20.62413,-100.4456,3000,2,1D7,x,,,0
1373998,20.60835,-100.4682,1400,1,1D7,x,07:00,13:00,7
1375308,20.60761,-100.3911,990,2,XC5,100100,07:00,13:00,7
1376026,20.63857,-100.4003,800,2,M92,x,,,5
1376157,20.64932,-100.3385,1300,2,M77,x,,,2
1379056,20.61459,-100.4653,1600,2,1D7,x,07:00,13:00,12
1379068,20.62318,-100.4207,330,2,M81,x,,,7
1379075,20.65579,-100.3791,760,2,M77,x,,,9
1379092,20.8191,-100.4673,290,1,M79,x,,,11
1379121,20.61716,-100.4472,550,1,1D7,x,,,7
1379139,20.58728,-100.3656,650,1,ZN8,x,,,8
1385802,20.6508022,-100.4327385,720,2,M92,x,,,2
1386373,20.64317,-100.4543,630,2,ZN9,x,,,3
6735451,20.62018,-100.4467,690,1,1D7,x,,,7
6735463,20.6548,-100.4705,480,2,ZN9,x,,,4
6735493,20.55516,-100.3873,450,2,1D4,x,,,6
6735496,20.5581,-100.3926,200,2,1D4,x,07:00,13:00,6
6735497,20.57728,-100.3964,310,2,M87,x,,,10
6735505,20.59835,-100.4002,1300,2,XC5,10010,,,5
6735512,20.60434,-100.3831,470,1,XC5,x,,,8
6735513,20.63368,-100.39749,600,2,M92,x,,,2
6735578,20.57220078,-100.4117966,430,1,ZN6,x,,,10
6735579,20.57991982,-100.4210968,240,1,M87,x,,,10
6735580,20.58041954,-100.4199982,250,1,M87,x,,,10
6735590,20.718,-100.446,1800,2,M79,x,,,11
6735591,20.73644,-100.4428,360,1,M79,x,,,11
6735595,20.67724,-100.4522,2220,2,M79,x,,,11
6735598,20.67829,-100.4538,360,1,M79,x,,,11
6735604,20.67568,-100.4576,1200,1,M79,x,,,11
6735633,20.80246,-100.4513,720,1,M79,x,,,11
6739684,20.65517,-100.34168,690,1,M77,x,,,12
6756328,20.55708,-100.3711,1800,2,1D4,x,07:00,13:00,6
6756329,20.62777,-100.4224,300,2,M81,x,,,9
6760219,20.57878,-100.3592,1600,2,ZN8,x,,,8
6760221,20.57934,-100.359,360,1,ZN8,x,,,1
6760222,20.60903,-100.4407,700,1,X11,x,07:00,13:00,1
6760223,20.59832001,-100.4487,450,1,1D7,x,,,6
6771184,20.54767,-100.3807,1800,2,1D4,x,07:00,13:00,12
6771186,20.64864,-100.3407,810,1,M77,x,,,12
6771187,20.64862,-100.3402,1100,2,M77,x,,,12
6771188,20.65702,-100.33985,270,1,M77,x,,,2
6771198,20.63389,-100.4098,680,2,M81,x,,,8
6776815,20.6093,-100.334,350,1,ZN8,x,,,5
6777228,20.59708,-100.4024,680,1,XC5,x,,,8
6777229,20.58262,-100.3752,1300,2,ZN8,10010,07:00,13:00,3
6777242,20.64045,-100.4489,850,1,XC6,x,,,9
6791279,20.62264,-100.4181,1080,1,M81,x,,,12
6797188,20.65407,-100.3418,1200,1,M77,x,,,12
6797189,20.64864,-100.3405,860,1,M77,x,,,0
6797628,20.54386,-100.3953,190,1,ZN6,x,,,5
6797631,20.60229,-100.3903,470,1,XC5,x,,,6
6797634,20.57186,-100.3933,350,2,M87,x,,,2
6877855,20.63167,-100.38467,580,1,M92,x,,,9
6880144,20.62362,-100.4192,180,2,M81,x,,,10
6892110,20.59143,-100.4025,2400,1,XC5,x,,,8
6893187,20.573469,-100.36299,480,1,ZN8,x,,,2
6915608,20.63161,-100.39279,390,2,M92,x,,,12
6915609,20.63423,-100.38844,300,2,M92,x,,,12
6917071,20.65757,-100.39276,220,2,M77,x,,,0
6920647,20.54494,-100.4,270,2,ZN6,x,,,0
6920649,20.53978,-100.4047,490,2,ZN6,x,,,0
6924750,20.53232002,-100.4091034,540,1,ZN6,x,,,9
6927147,20.62816,-100.40737,1500,2,M81,x,,,0
7035493,20.54975,-100.3987,450,1,ZN6,x,,,6
7035494,20.56189,-100.3993,180,2,1D4,x,07:00,13:00,0
7035496,20.54607,-100.3908,1000,1,1D4,x,,,9
7037589,20.62394,-100.4081,1400,2,M81,x,,,8
7037590,20.63282013,-100.39559937,480,2,M92,x,,,6
7046589,20.57147,-100.362926,480,1,ZN8,x,,,7
7056174,20.56649,-100.3752,1800,2,1D4,x,,,7
7056438,20.61845,-100.4724,360,2,1D7,x,,,4
7056439,20.62102,-100.4662,200,2,1D7,x,,,4
7056440,20.66197,-100.4706,1620,2,ZN9,1001,,,6
7056442,20.65646,-100.4728,930,2,ZN9,x,,,9
7063034,20.55626,-100.37173,720,2,1D4,x,07:00,13:00,3
7077540,20.62238,-100.40729,920,2,M81,x,,,2
7087710,20.60866,-100.40208,550,2,XC5,x,07:00,13:00,7
7101625,20.64285,-100.4534,1700,2,ZN9,x,,,8
7101626,20.63762,-100.465,1300,2,XC6,x,,,8
7101627,20.63825,-100.4633,570,2,XC6,x,,,0
7101628,20.64984,-100.4663,1200,2,ZN9,x,,,5
7101629,20.63611,-100.4596,660,2,XC6,x,,,3
7101631,20.6595,-100.4551,930,2,ZN9,x,,,4
7101633,20.71797,-100.4461,1500,2,M79,x,,,3
7101634,20.64639,-100.4614,430,2,ZN9,x,,,4
7101635,20.65919,-100.45486,370,1,ZN9,x,,,3
7110070,20.64254,-100.4636,330,2,ZN9,x,,,11
7110071,20.63845,-100.46077,850,2,XC6,x,,,3
7129063,20.56413,-100.3928,860,1,M87,x,07:00,13:00,3
7129065,20.6092,-100.3844,440,2,XC5,x,,,3
7129460,20.56693,-100.3938,890,2,M87,x,,,3
7130545,20.56911,-100.3957,340,1,M87,x,,,6
7155946,20.56975,-100.41613,2700,2,ZN6,100100,07:00,13:00,8
7155947,20.56171,-100.4006,180,2,1D4,x,07:00,13:00,6
7155950,20.55622,-100.3889,510,1,1D4,x,,,10
7155953,20.5647,-100.4031,180,1,M87,x,07:00,13:00,10
7155955,20.56192017,-100.4021988,540,1,1D4,x,,,6
7155961,20.56607,-100.3908,2400,2,M87,x,,,6
7155967,20.55816,-100.3757,230,1,1D4,x,,,10
7155974,20.55416,-100.3712,490,2,1D4,x,07:00,13:00,6
7155975,20.55162,-100.3746,320,1,1D4,x,07:00,13:00,6
7155977,20.57087,-100.3959,1800,1,M87,x,,,0
7155980,20.5732,-100.3855,300,2,M87,x,,,6
7155981,20.5723,-100.3934,450,2,M87,x,,,6
7155984,20.55536,-100.3726,910,1,1D4,x,07:00,13:00,6
7155995,20.56907,-100.3217,290,2,ZN8,x,,,6
7155996,20.56902,-100.3208,250,2,ZN8,x,,,6
7155999,20.57073,-100.323,1000,2,ZN8,x,,,6
7156026,20.53693008,-100.40339661,210,1,ZN6,x,,,6
7156028,20.56249,-100.4162,550,1,ZN6,x,,,8
7156029,20.54296,-100.4048,960,2,ZN6,x,,,8
7156034,20.53503036,-100.40830231,300,1,ZN6,x,,,8
7156035,20.53531,-100.408,180,1,ZN6,x,,,0
7156037,20.53498,-100.4051,420,1,ZN6,x,,,10
7156046,20.5754,-100.3645,1100,2,ZN8,x,,,0
7156052,20.56279,-100.4155,440,1,ZN6,x,,,0
7156054,20.532925,-100.407538,180,1,ZN6,x,,,0
7156056,20.53672,-100.3865,2400,2,ZN6,100100,,,0
7156060,20.52907944,-100.4085007,410,1,ZN6,x,,,8
7156062,20.55073,-100.3955,930,2,1D4,100100,,,10
7156071,20.56718,-100.3975,440,1,M87,x,,,0
7156081,20.55525,-100.3918,610,2,1D4,x,,,0
7156123,20.58414,-100.374,390,1,ZN8,x,,,0
7156125,20.58744,-100.3814,850,1,ZN8,x,07:00,13:00,0
7156131,20.59124,-100.381,530,2,ZN8,x,07:00,13:00,6
7156133,20.59076,-100.38529,2500,1,ZN8,x,,,0
7156143,20.58875,-100.3903,550,2,M87,x,,,8
7156151,20.60007,-100.4004,480,1,XC5,x,,,5
7156156,20.59752,-100.4079,520,1,XC5,x,,,8
7156163,20.60283,-100.395,460,2,XC5,x,07:00,13:00,8
7156166,20.58906,-100.3802,180,1,ZN8,x,07:00,13:00,10
7156174,20.59778,-100.4131,370,1,XC5,x,,,5
7156175,20.61539,-100.4151,250,2,M81,x,,,10
7156195,20.57251,-100.4152,540,2,ZN6,x,,,5
7156196,20.56823921,-100.4169998,610,1,ZN6,x,,,8
7156204,20.57336,-100.3932,430,2,M87,x,,,9
7156225,20.58634,-100.4095,1000,1,M87,x,,,9
7156226,20.58169,-100.3829,1100,1,M87,x,,,10
7156235,20.61226,-100.4506,540,1,1D7,x,07:00,13:00,10
7156238,20.67812,-100.4552,410,1,M79,x,,,6
7156249,20.64766,-100.4569,1300,2,ZN9,x,,,10
7156263,20.64122,-100.4651,410,2,ZN9,x,,,8
7156279,20.65131,-100.3393,1200,3,M77,x,,,7
7156285,20.64655,-100.3992,2300,2,M92,x,,,11
7156288,20.65972,-100.3393,870,1,M77,x,,,3
7156293,20.65139,-100.39398,1000,2,M77,x,,,4
7156294,20.64589,-100.3976,2700,2,M77,x,,,12
7156297,20.6349,-100.4079,180,2,M92,x,,,2
7156299,20.63364,-100.4115,240,2,M81,x,,,12
7156303,20.65949,-100.37,420,2,M77,x,,,12
7156308,20.65636,-100.3738,510,2,M77,x,,,2
7156312,20.65435,-100.3818,480,2,M77,x,,,2
7156316,20.65055,-100.3802,350,2,M77,x,,,9
7156320,20.63211,-100.3853,980,2,M92,x,,,12
7156321,20.63005,-100.3874,790,2,M92,x,,,12
7156322,20.63371,-100.38984,420,2,M92,x,,,12
7156325,20.6479,-100.3858,550,1,M77,x,,,12
7156327,20.63653,-100.4008,1800,2,M92,x,,,12
7156328,20.64998,-100.3869,290,1,M77,x,,,12
7156329,20.65085,-100.3869,700,2,M77,x,,,12
7156339,20.63566,-100.401,1800,2,M92,100100,,,12
7156348,20.5714,-100.4104,1200,2,ZN6,x,,,2
7156349,20.57919,-100.4086,590,2,M87,x,,,12
7156350,20.58245,-100.4132,1300,2,M87,x,,,12
7156351,20.60276,-100.4254,980,2,X11,x,,,2
7156352,20.58713,-100.4153,850,2,M87,x,,,10
7156355,20.58105,-100.4277,410,1,M87,x,,,10
7156358,20.5949,-100.4325,340,1,X11,x,,,10
7156362,20.6039,-100.435,1400,2,X11,x,,,1
7156368,20.61047,-100.4411,1300,2,X11,x,07:00,13:00,10
7156371,20.61267,-100.4413,1700,1,X11,x,07:00,13:00,1
7156372,20.61277,-100.4395,680,1,X11,x,,,1
7156374,20.60217,-100.4357,430,1,X11,x,,,1
7156375,20.60891,-100.4377,480,1,X11,x,,,7
7156377,20.60187,-100.4227,480,1,X11,x,,,7
7156378,20.60919,-100.4311,280,2,X11,x,,,7
7156379,20.61035,-100.4314,1100,1,X11,x,,,1
7156380,20.60853,-100.4408,370,2,X11,x,,,1
7156382,20.60326,-100.4396,600,2,X11,x,,,9
7156384,20.66615,-100.5093,670,1,M79,x,,,9
7156385,20.66193,-100.5056,300,1,M79,x,,,9
7156387,20.65709,-100.5075,340,1,M79,x,,,1
7156392,20.64674,-100.4665,1800,2,ZN9,x,,,1
7156393,20.63527,-100.4731,180,2,XC6,x,,,4
7156400,20.63895,-100.48,740,2,XC6,x,,,4
7156401,20.63732,-100.4664,270,2,XC6,x,,,4
7156402,20.6604,-100.4714,740,2,ZN9,x,,,3
7156405,20.64064,-100.4606,510,2,XC6,x,,,4
7156406,20.64732,-100.46622,1400,2,ZN9,x,,,4
7156409,20.63247,-100.466,320,2,XC6,x,,,3
7156411,20.62733,-100.4584,180,2,XC6,x,,,11
7156413,20.64469,-100.4809,800,2,ZN9,x,,,3
7156418,20.63542,-100.4484,2700,2,XC6,x,,,4
7156419,20.63831,-100.445,190,2,XC6,x,,,4
7156427,20.59655,-100.4514,240,1,1D7,x,,,7
7156428,20.59477,-100.4469,350,2,1D7,x,,,4
7156432,20.61668,-100.4677,2800,1,1D7,x,07:00,13:00,3
7156434,20.62008,-100.4679,540,2,1D7,x,,,3
7156439,20.62415,-100.4432,1000,1,1D7,x,,,1
7156446,20.66126,-100.5061,210,1,M79,x,,,1
7156447,20.62874,-100.4443,190,1,XC6,x,,,7
7156454,20.59786,-100.44729,320,1,1D7,x,,,7
7156455,20.60581017,-100.449997,3000,2,1D7,x,,,7
7156457,20.62004,-100.4495,810,1,1D7,x,,,4
7156490,20.55843,-100.3892,1300,2,1D4,x,,,7
7156491,20.57899,-100.395,790,2,M87,x,,,1
7166368,20.58738,-100.4095,2100,2,M87,x,,,7
7166674,20.53468,-100.41,580,2,ZN6,x,,,7
7171836,20.5936,-100.37966,820,1,ZN8,x,,,6
7171837,20.58461,-100.3761,230,1,ZN8,x,07:00,13:00,10
7173803,20.62835,-100.4127,2300,1,M81,x,,,10
7173805,20.67331,-100.4577,1300,1,M79,x,,,0
7173808,20.64099,-100.39543,300,2,M92,x,,,8
7173812,20.64533,-100.39529,500,2,M77,x,,,8
7173815,20.60581,-100.4033,220,1,XC5,x,,,9
7174872,20.64295,-100.3894,730,2,M77,x,,,11
7174873,20.6477,-100.3848,1600,2,M77,x,,,2
7174874,20.63411,-100.3828,710,1,M92,x,,,12
7174875,20.63389,-100.3795,760,1,M92,x,,,5
7174876,20.63255,-100.3853,910,2,M92,x,,,12
7177528,20.62458,-100.4421,1400,1,1D7,x,,,12
7177533,20.64073,-100.4786,310,2,ZN9,x,,,12
7177534,20.64069,-100.4784,1100,2,ZN9,x,,,12
7177535,20.65903,-100.50598,360,1,M79,x,,,12
7177536,20.64116,-100.4677,430,2,ZN9,x,,,7
7177538,20.61204,-100.4504,350,1,1D7,x,07:00,13:00,4
7177539,20.64957,-100.453,1900,2,ZN9,x,,,4
7177540,20.64714,-100.4554,1400,2,ZN9,x,07:00,13:00,4
7177544,20.63673,-100.39004,2200,2,M92,x,,,3
7179007,20.60265,-100.3975,1500,1,XC5,x,,,7
7179008,20.58653,-100.4088,400,1,M87,x,,,3
7179009,20.58673,-100.4091,480,1,M87,x,,,3
7179010,20.58079,-100.3938,850,2,M87,x,,,12
7184382,20.60939,-100.3994,1500,1,XC5,x,,,5
7185480,20.63834,-100.40193,580,2,M92,x,,,10
7185481,20.62254,-100.4134,460,2,M81,x,,,10
7185484,20.61995,-100.4265,2400,2,M81,x,,,6
7186845,20.63199,-100.46608,540,2,XC6,x,,,5
7186847,20.63552,-100.4722,630,2,XC6,x,,,2
7186848,20.58974,-100.38048,270,1,ZN8,x,07:00,13:00,9
7186849,20.59833,-100.4097,1100,1,XC5,x,,,9
7186850,20.58886,-100.3782,360,1,ZN8,x,07:00,13:00,4
7186851,20.58363,-100.413,1000,2,M87,x,,,4
7186854,20.56291,-100.3878,920,2,1D4,x,,,8
7186855,20.67211,-100.4833,550,1,M79,x,,,5
7186857,20.64494,-100.4532,200,2,ZN9,x,,,8
7188419,20.56572,-100.3812,730,2,1D4,x,,,10
7189344,20.69634,-100.46957,2800,1,M79,x,,,6
7191611,20.63663,-100.4794,3600,2,XC6,x,,,11
7193080,20.64806,-100.3842,700,2,M77,x,,,3
7193263,20.6031,-100.3621,1600,2,ZN8,x,07:00,13:00,6
7193980,20.63776,-100.396,680,1,M92,x,,,11
7193981,20.62781,-100.4172,870,2,M81,x,,,4
7199043,20.54391,-100.3956,430,2,ZN6,x,,,12
7204063,20.58877,-100.3811,490,2,ZN8,x,07:00,13:00,8
7204066,20.63368,-100.41184,180,2,M81,x,,,2
7204067,20.62691,-100.4035,1500,2,M81,x,,,9
7208491,20.63244,-100.40044,910,2,M92,x,,,0
7210888,20.6094799,-100.4411011,640,1,X11,x,,,8
7210889,20.60339,-100.3958,1300,1,XC5,10000,07:00,13:00,2
7210890,20.60259,-100.3962,750,1,XC5,x,,,5
7210894,20.60213,-100.3957,1200,2,XC5,x,07:00,13:00,2
7212466,20.64708,-100.3386,1000,2,M77,x,,,1
7212469,20.65366,-100.3427,2600,3,M77,x,,,5
7215173,20.65283,-100.3497,520,1,M77,x,,,5
7231542,20.64639,-100.3963,940,2,M77,x,,,5
7232139,20.63419,-100.4138,1980,1,M81,x,,,12
7237218,20.6504,-100.3942,840,2,M77,x,,,12
7237221,20.6278,-100.4104,590,2,M81,x,,,12
7248910,20.65101,-100.3808,400,2,M77,x,,,2
7253401,20.678,-100.4524,880,2,M79,x,,,9
7254049,20.64457,-100.4809,3450,2,ZN9,x,,,12
7254436,20.6503,-100.43375,1900,6,M92,x,,,9
7255517,20.56831,-100.3255,230,2,ZN8,x,,,12
7256446,20.6512,-100.3824,640,2,M77,x,,,11
7256448,20.60116,-100.3742,470,1,ZN8,x,,,4
7256861,20.6493,-100.3984,530,2,M77,x,,,3
7258452,20.54136,-100.3998,1100,2,ZN6,x,,,8
7258576,20.7679,-100.4395,990,1,M79,x,,,12
7262229,20.64038,-100.4776,1000,2,ZN9,x,,,8
7262541,20.60549,-100.4241,2500,2,X11,10010,,,2
7266502,20.62677,-100.4171,1100,2,M81,x,,,0
7266851,20.53327,-100.4145,1500,1,ZN6,x,,,11
7281314,20.82197,-100.4691,510,1,M79,x,,,4
7282962,20.5928,-100.3469,2900,2,ZN8,10010,,,9
7282964,20.6278,-100.4091,910,2,M81,x,,,9
7282965,20.62875,-100.4128,180,2,M81,x,,,0
7285521,20.60563087,-100.4403992,560,1,X11,x,,,11
7285552,20.63259,-100.4016,610,2,M92,x,,,8
7287822,20.59863,-100.38644,400,2,XC5,x,,,9
7292637,20.6419,-100.4912,2400,2,ZN9,x,,,9
7292646,20.6308,-100.3957,420,2,M92,x,,,1
7293049,20.61402,-100.4473,2600,2,1D7,x,,,2
7293050,20.57795,-100.4197,420,1,M87,x,07:00,13:00,8
7294184,20.63265,-100.4108,460,2,M81,x,,,4
7314436,20.5959,-100.396,770,1,XC5,x,,,2
7318710,20.5453,-100.3906,2100,2,1D4,100100,,,7
7318718,20.60540962,-100.4421997,620,1,X11,x,,,10
7318723,20.58801079,-100.4210968,680,1,M87,x,,,9
7318741,20.60592079,-100.44940186,3600,1,1D7,10000,,,5
7318743,20.59734917,-100.44869995,740,1,1D7,x,,,0
7318744,20.59297943,-100.45059967,720,1,1D7,x,,,1
7318745,20.59273911,-100.44809723,470,1,1D7,x,,,10
7318747,20.58908081,-100.44799805,1200,1,1D7,x,,,1
7318748,20.60968,-100.4371,1400,1,X11,x,,,1
7318749,20.61421,-100.4339,480,1,X11,x,,,1
7318751,20.60687,-100.4002,240,1,XC5,x,07:00,13:00,1
7318779,20.61378,-100.4413,1900,1,X11,x,,,1
7318857,20.59672,-100.3842,900,1,ZN8,x,,,1
7318869,20.5261898,-100.4032974,190,1,ZN6,x,,,9
7318871,20.70886,-100.456,730,1,M79,x,,,5
7318878,20.63508,-100.3849,1500,1,M92,x,,,7
7319486,20.64748,-100.46872,760,2,ZN9,x,,,8
7349421,20.58525,-100.39271,620,1,M87,x,,,0
7350802,20.623,-100.415,1400,1,M81,x,,,11
7352222,20.6627,-100.5088,720,1,M79,x,,,12
7354195,20.648,-100.402,620,2,M92,x,,,4
7354958,20.5913,-100.377,310,1,ZN8,x,07:00,13:00,1
7354960,20.6265,-100.387,620,2,M92,x,,,3
7357382,20.6379,-100.401,810,2,M92,x,,,10
7359032,20.6308,-100.396,1300,2,M92,x,,,9
7359052,20.6485,-100.34,560,1,M77,x,,,4
7362871,20.62497,-100.40596,620,1,M81,x,,,2
7381576,20.5963,-100.435,770,2,X11,x,07:00,13:00,8
7381577,20.5945,-100.428,500,1,X11,x,,,12
7381579,20.6099,-100.435,370,1,X11,x,,,2
7381580,20.6103,-100.435,740,1,X11,x,,,2
7381581,20.6039,-100.432,630,1,X11,x,,,12
7385277,20.6523,-100.339,520,2,M77,x,,,9
7385287,20.5451,-100.4,680,2,ZN6,x,,,1
7387816,20.59272,-100.39787,3350,1,XC5,x,,,10
7388449,20.5906,-100.387,2600,2,ZN8,100100,,,1
7390210,20.5529,-100.388,510,1,1D4,x,,,1
7390219,20.5994,-100.364,320,1,ZN8,x,,,1
7390222,20.6512,-100.343,480,2,M77,x,,,12
7392790,20.6468,-100.395,400,2,M77,x,,,0
7396805,20.6175,-100.475,330,1,1D7,x,,,5
7396806,20.6059,-100.451,3200,2,1D7,x,,,8
7397644,20.6504,-100.433,180,1,M92,x,,,6
7398960,20.5741,-100.397,1900,1,M87,x,,,8
7404974,20.6152,-100.364,1900,2,ZN8,x,,,12
7405949,20.6396,-100.4691,270,2,XC6,x,,,4
7405974,20.56604,-100.39084,1200,2,M87,x,,,7
7405986,20.584,-100.419,870,2,M87,x,,,2
7405987,20.6199,-100.4674,480,2,1D7,x,,,10
7405994,20.6433,-100.468,1100,3,ZN9,x,,,8
7405997,20.639,-100.464,270,2,XC6,x,,,4
7409296,20.6381,-100.4468,480,1,XC6,x,,,6
7411404,20.6511,-100.455,2400,1,ZN9,x,,,10
7411413,20.6214,-100.476,440,4,1D7,x,07:00,13:00,4
7413997,20.6369,-100.392,330,1,M92,x,,,3
7416251,20.6532,-100.457,710,1,ZN9,x,,,3
7418344,20.5348,-100.409,3600,2,ZN6,x,,,3
7418358,20.6434,-100.451,360,1,ZN9,x,,,4
7418367,20.6055,-100.442,240,1,X11,x,,,12
7418373,20.618,-100.461,1300,1,1D7,x,,,3
7418378,20.6198,-100.472,980,1,1D7,x,,,0
7419684,20.5437,-100.405,720,1,ZN6,x,,,3
7419736,20.653,-100.35,990,1,M77,x,,,1
7419737,20.631,-100.388,440,1,M92,x,,,7
7419771,20.5883,-100.347,540,1,ZN8,x,,,4
7421678,20.5704,-100.373,900,2,ZN8,x,,,0
7427411,20.6294,-100.4596,270,1,XC6,x,,,12
7427420,20.6318,-100.462,180,2,XC6,x,,,2
7427479,20.6323,-100.458,190,2,XC6,x,,,8
7427480,20.6264,-100.451,180,2,XC6,x,,,6
7427481,20.6273,-100.454,1100,1,XC6,x,,,7
7427506,20.6428,-100.402,340,2,M92,x,,,3
7432133,20.5698,-100.395,930,1,M87,x,,,3
7433663,20.6505,-100.41061,390,1,M92,x,,,7
7435855,20.57121417,-100.4211644,1200,1,ZN6,x,,,7
7437666,20.6196,-100.428,480,1,M81,x,,,2
7437668,20.60393,-100.397,900,1,XC5,x,,,6
7437669,20.63353,-100.46933,660,1,XC6,x,,,3
7437748,20.59193,-100.38604,3000,1,ZN8,x,,,10
7437803,20.63073,-100.4173,1400,1,M81,x,,,9
7437805,20.61343,-100.43703,600,1,X11,x,,,5
7440730,20.60436,-100.38769,1100,1,XC5,x,,,4
7440732,20.61303,-100.44181,3100,1,X11,10000,,,5
7440733,20.624,-100.40931,990,1,M81,x,,,9
7440734,20.59194,-100.36662,530,1,ZN8,x,,,1
7440771,20.62703,-100.41582,1800,1,M81,x,,,5
7440772,20.62302,-100.41361,1300,1,M81,x,,,7
7440779,20.61525,-100.44123,480,1,X11,x,,,9
7441253,20.52891,-100.40291,480,1,ZN6,x,,,8
7441259,20.65133,-100.41634,2100,1,M92,x,,,9
7441741,20.53326,-100.41059,250,1,ZN6,x,,,9
7441743,20.53703,-100.40507,1100,1,ZN6,x,,,7
7441745,20.62493,-100.41251,480,1,M81,x,,,0
7441748,20.60583,-100.39252,590,1,XC5,x,,,2
7441749,20.6122,-100.43735,630,1,X11,x,,,0
7442312,20.58225,-100.41932,720,1,M87,x,,,0
7443318,20.82378,-100.46973,250,1,M79,x,,,9
7443319,20.76849,-100.43678,230,1,M79,x,,,5
7444039,20.73321,-100.44294,1000,1,M79,x,,,1
7444133,20.67152,-100.48329,420,1,M79,x,,,10
7444139,20.5969,-100.40232,480,1,XC5,x,,,11
7445572,20.59243,-100.39907,180,1,XC5,x,,,11
7445746,20.73895,-100.45096,420,1,M79,x,07:00,13:00,11
7445748,20.54429,-100.40568,480,1,ZN6,x,,,11
7445961,20.55326,-100.42222,720,1,ZN6,x,,,5
7445962,20.55348,-100.42946,720,1,ZN6,x,,,5
7445968,20.54304,-100.40517,480,1,ZN6,x,,,11
7446650,20.73539,-100.44625,370,1,M79,x,,,0
7446730,20.65409,-100.44636,1800,1,ZN9,x,,,0
7446736,20.59888,-100.40941,350,1,XC5,x,,,0
7447161,20.59492,-100.44731,590,1,1D7,x,,,0
7447279,20.60716,-100.3966,400,1,XC5,x,,,11
7447318,20.62548,-100.47746,500,1,1D7,x,,,3
7447640,20.60435,-100.39532,210,1,XC5,x,,,5
7447644,20.6232,-100.47595,560,1,1D7,x,,,1
7447645,20.62296,-100.47588,240,1,1D7,x,,,5
7447646,20.62559,-100.47328,220,1,1D7,x,,,4
7448182,20.59795,-100.44733,480,1,1D7,x,,,5
7449722,20.63664,-100.40261,340,1,M92,x,,,4
7449728,20.64685,-100.33848,480,1,M77,x,,,4
7450172,20.64406,-100.4595,490,1,ZN9,x,,,4
7450173,20.6048,-100.40406,300,1,XC5,x,,,1
7450175,20.58802,-100.40534,480,1,M87,x,,,2
7450177,20.57205,-100.411,480,2,ZN6,1001,,,12
7450178,20.62722,-100.44895,780,1,XC6,x,,,3
7450179,20.61443,-100.44581,390,1,1D7,x,,,5
7451330,20.64132,-100.48611,480,1,ZN9,x,,,10
7451331,20.60389,-100.39752,480,1,XC5,x,,,10
7451333,20.6445,-100.48077,230,1,ZN9,x,,,7
7451334,20.65221,-100.34314,780,1,M77,x,,,7
7451335,20.67996,-100.45186,970,1,M79,x,,,5
7451336,20.65553,-100.38465,340,1,M77,x,,,4
7451521,20.6142,-100.4331,480,1,X11,x,,,12
7451523,20.60401,-100.41847,630,1,XC5,x,,,11
7451525,20.57278,-100.39336,1300,1,M87,x,,,12
7451526,20.6084,-100.4685,480,1,1D7,x,,,9
7451880,20.61641,-100.46473,480,1,1D7,x,,,10
7451889,20.7707,-100.43571,390,1,M79,x,,,6
7452094,20.60445,-100.41061,320,1,XC5,x,,,7
7452096,20.82477,-100.46981,930,2,M79,x,,,7
7452290,20.63231,-100.39111,340,1,M92,x,,,11
7452292,20.61145,-100.44333,480,1,1D7,x,,,5
7452298,20.65147,-100.33913,3500,1,M77,x,,,11
7452299,20.6513,-100.33935,230,1,M77,x,,,12
7452511,20.64363,-100.46836,440,1,ZN9,x,,,7
7452514,20.6165,-100.47106,180,1,1D7,x,,,12
7453240,20.6018062,-100.4392871,400,1,X11,x,,,12
7453243,20.59267,-100.39032,670,1,ZN8,x,,,4
7453245,20.60555,-100.42403,1700,1,X11,x,,,7
7453246,20.60586,-100.39278,180,1,XC5,x,,,1
7453249,20.66116,-100.40608,1300,1,M92,x,,,5
7453272,20.58687,-100.41541,180,1,M87,x,,,9
7453279,20.60521,-100.42368,480,1,X11,x,,,5
7454093,20.60946,-100.43459,800,1,X11,x,,,2
7454095,20.64441,-100.46198,480,1,ZN9,x,,,10
7454099,20.5962,-100.35912,180,1,ZN8,x,,,9
7454300,20.61372,-100.44538,240,1,1D7,x,,,1
7454623,20.65208,-100.45061,480,1,ZN9,x,,,3
7454625,20.62724,-100.4047,480,1,M81,x,,,8
7454627,20.65012,-100.38683,180,1,M77,x,,,7
7454650,20.61547,-100.38758,480,1,M92,x,,,3
7454651,20.65553,-100.3828,440,1,M77,x,,,2
7454652,20.70852,-100.45858,300,1,M79,x,,,12
7454655,20.64782,-100.41605,260,1,M92,x,,,2
7454657,20.59622,-100.43079,480,1,X11,x,,,12
7454941,20.73883,-100.48051,820,2,M79,x,,,11
7454942,20.74175,-100.45689,300,1,M79,x,07:00,13:00,2
7454943,20.65058,-100.38505,300,1,M77,x,,,1
7454946,20.62793,-100.45043,480,1,XC6,x,,,11
7454947,20.61698,-100.44573,680,1,1D7,x,,,11
7454950,20.55056,-100.40329,370,1,ZN6,x,,,12
7454954,20.60225,-100.40375,360,1,XC5,x,,,7
7455720,20.64794,-100.46886,730,1,ZN9,x,,,7
7455722,20.60594,-100.3337,480,1,ZN8,x,,,0
7455724,20.57932,-100.39548,480,1,M87,x,,,5
7455725,20.65559,-100.38114,480,1,M77,x,,,4
7455728,20.62738,-100.41367,360,1,M81,x,,,8
7455729,20.64565,-100.45924,950,1,ZN9,x,,,10
7455742,20.60604,-100.33324,480,1,ZN8,x,,,12
7455743,20.6095472,-100.4402038,650,1,X11,x,,,9
7455744,20.62159,-100.41311,180,1,M81,x,,,3
7455747,20.61644,-100.39166,1300,1,M92,x,,,8
7455749,20.6492,-100.45548,480,1,ZN9,x,,,1
7456309,20.64404,-100.38453,520,1,M77,x,,,9
7456513,20.64201,-100.48153,390,1,ZN9,x,,,5
7456515,20.5930285,-100.4139897,3600,1,XC5,x,,,3
7456519,20.6066,-100.3997,540,1,XC5,x,,,12
7456520,20.5519773,-100.4021423,480,1,ZN6,x,,,4
7458086,20.54712,-100.40721,600,1,ZN6,x,,,10
7458471,20.55,-100.3878,480,2,1D4,1001,,,5
7458472,20.637,-100.44927,480,1,XC6,x,,,0
7458473,20.6064,-100.39954,510,1,XC5,x,,,0
7458478,20.64315,-100.46102,480,1,ZN9,x,,,0
7458479,20.62362,-100.44687,410,1,1D7,x,,,3
7458614,20.64393,-100.47615,240,1,ZN9,x,,,5
7458617,20.65525,-100.34207,280,1,M77,x,,,3
7458621,20.6552,-100.34203,480,1,M77,x,,,7
7458625,20.62443,-100.44691,260,1,1D7,x,,,4
7458626,20.60195,-100.39178,390,1,XC5,x,,,12
7458631,20.6602,-100.45612,430,1,ZN9,x,,,12
7458933,20.61269,-100.43989,920,1,X11,x,,,7
7459447,20.61493,-100.44843,1300,1,1D7,x,,,5
7459449,20.62078,-100.4738,520,1,1D7,x,,,3
7460351,20.61906,-100.42221,240,1,M81,x,,,1
7460353,20.61886,-100.47074,180,1,1D7,x,,,7
7460355,20.61978,-100.42652,480,1,M81,x,,,4
7460357,20.60538,-100.41817,910,1,XC5,x,,,9
7460497,20.58705,-100.41012,400,1,M87,x,,,7
7460499,20.65414,-100.3417,480,1,M77,x,,,9
7460525,20.64402,-100.38847,480,1,M77,x,,,9
7460528,20.58689,-100.41049,1600,1,M87,x,,,10
7460529,20.70834,-100.45765,500,1,M79,x,,,12
7461070,20.65785,-100.38106,440,1,M77,x,,,12
7461071,20.63755,-100.47958,380,1,XC6,x,,,10
7461072,20.65787,-100.34057,480,1,M77,x,,,11
7461180,20.58378,-100.37551,480,1,ZN8,x,,,12
7461181,20.5823,-100.41833,180,1,M87,x,,,4
7461182,20.77862,-100.45138,350,1,M79,x,,,12
7461695,20.5722174,-100.4037832,410,1,M87,x,,,0
7461699,20.77215,-100.4386,740,1,M79,x,,,8
7462180,20.55204,-100.39121,410,1,1D4,x,,,10
7462185,20.60949,-100.42441,480,1,X11,x,,,11
7462801,20.6014054,-100.4392189,320,1,X11,x,,,10
7462947,20.6198,-100.4605,480,1,1D7,x,,,11
7462949,20.61042,-100.36747,1400,1,ZN8,x,,,0
7462958,20.64554,-100.47696,690,1,ZN9,x,,,9
7462959,20.80159,-100.44996,200,1,M79,x,,,1
7463440,20.60431,-100.40986,410,1,XC5,x,,,7
7463447,20.66093,-100.34944,1500,1,M77,x,,,8
7464331,20.60583,-100.39254,400,1,XC5,x,,,4
7464482,20.594191,-100.333049,390,1,ZN8,x,,,11
7464484,20.61279,-100.44229,480,1,X11,x,,,5
7464489,20.55447,-100.37283,1900,1,1D4,x,07:00,13:00,12
7464554,20.60773,-100.44048,480,1,X11,x,,,5
7464559,20.8031,-100.4496,480,1,M79,x,,,8
7464611,20.63351,-100.46836,460,1,XC6,x,,,7
7464613,20.61964,-100.47293,340,1,1D7,x,,,6
7464614,20.65083,-100.34208,1800,1,M77,x,,,1
7464631,20.63413,-100.38286,200,1,M92,x,,,11
7465485,20.82586,-100.46677,1100,1,M79,x,,,4
7465751,20.77628,-100.44308,1400,1,M79,x,,,4
7466871,20.63736,-100.46921,360,1,XC6,x,,,12
7466874,20.61578,-100.44167,180,1,X11,x,,,12
7466877,20.60331,-100.42966,480,1,X11,x,,,11
7470123,20.56088,-100.3776,190,1,1D4,x,07:00,13:00,11
7470546,20.65286,-100.35017,3600,2,M77,x,,,4
7470548,20.63448,-100.40785,180,1,M92,x,,,7
7471707,20.56664,-100.38593,390,1,1D4,x,,,1
7471708,20.56681,-100.38632,750,1,1D4,x,,,6
7473004,20.70936,-100.447,480,1,M79,x,,,12
7482218,20.61071,-100.36759,480,1,ZN8,x,,,2
7483807,20.73932,-100.45326,480,1,M79,x,07:00,13:00,6
7484657,20.61356,-100.37474,480,1,ZN8,x,,,6
7484921,20.65592,-100.38616,420,1,M77,x,,,11
7485771,20.64167,-100.39579,480,1,M92,x,,,8
7485774,20.82294,-100.47119,480,1,M79,x,,,11
7485775,20.6325,-100.41314,640,1,M81,x,,,8
7493379,20.54562,-100.39062,960,1,1D4,x,,,12
7494323,20.65952,-100.45529,480,1,ZN9,x,,,2
7494324,20.59295,-100.34703,480,1,ZN8,x,,,11
7494327,20.5413,-100.39359,480,1,ZN6,x,,,2
7496855,20.59583,-100.43042,670,1,X11,x,,,0
7496857,20.60895,-100.42946,300,1,X11,x,,,3
7499933,20.55536,-100.401,580,1,1D4,x,,,8
7501025,20.65414,-100.34239,930,1,M77,x,,,0
7501289,20.60589,-100.42336,260,1,X11,x,,,1
7503790,20.61052,-100.443039,480,1,1D7,x,,,9
7503791,20.82381,-100.47127,480,2,M79,x,,,0
7504150,20.65477,-100.34168,480,2,M77,x,,,12
7506936,20.65913,-100.33702,480,1,M77,x,,,9
7508071,20.62571,-100.47338,480,1,1D7,x,,,1
7509593,20.61646,-100.45209,480,1,1D7,x,,,11
7509607,20.63372,-100.38269,480,1,M92,x,,,12
7509616,20.60526,-100.42906,480,1,X11,x,,,12
7511715,20.60334,-100.39425,480,1,XC5,x,,,4
7513679,20.6429,-100.3895,480,1,M77,x,,,7
7514469,20.62435,-100.47707,480,1,1D7,x,,,12
7516449,20.67734,-100.45216,480,1,M79,x,,,1
7528075,20.64733,-100.46986,480,1,ZN9,x,,,5
7529177,20.67734,-100.45219,480,1,M79,x,,,12
7535362,20.62709,-100.4477,1700,1,XC6,x,,,4
7535365,20.60637,-100.4472,1700,1,1D7,x,07:00,13:00,11
7535366,20.6231,-100.4434,300,1,1D7,x,,,4
7535373,20.60593,-100.4465,530,1,1D7,x,,,11
7535374,20.6113,-100.447,680,1,1D7,x,,,7
7535376,20.61721992,-100.47409821,180,1,1D7,x,,,1
7535391,20.65713,-100.4697,460,1,ZN9,x,,,7
7535392,20.62167,-100.4429,610,1,1D7,x,,,1
7535394,20.6184597,-100.44989777,860,1,1D7,x,,,7
7535398,20.62632942,-100.44960022,480,1,XC6,x,,,4
7535409,20.66249,-100.4591,1900,1,ZN9,x,,,4
7535418,20.65523,-100.4668,1500,1,ZN9,x,,,7
7535428,20.66234,-100.4709,1200,1,ZN9,x,,,7
7535448,20.62429,-100.4127,340,1,M81,x,,,7
7535450,20.6233,-100.4123,2600,1,M81,x,,,3
7535452,20.62339,-100.4193,1500,1,M81,x,,,3
7535453,20.62287,-100.4149,180,1,M81,x,,,11
7535458,20.59441948,-100.42839813,180,1,X11,x,,,9
7535460,20.57896,-100.408,630,1,M87,x,,,9
7535467,20.58041954,-100.42199707,180,1,M87,x,,,9
7535468,20.58012009,-100.42320251,1000,1,M87,x,,,9
7535469,20.62149,-100.4107,650,1,M81,x,,,1
7535474,20.5927906,-100.44650269,180,1,1D7,x,,,10
7535475,20.63005,-100.4095,850,1,M81,x,,,10
7535477,20.63452,-100.4074,180,1,M92,x,,,10
7535478,20.63433,-100.4076,180,1,M92,x,,,9
7535479,20.61211967,-100.44460297,210,1,1D7,x,,,1
7535484,20.60932922,-100.43489838,480,1,X11,x,,,2
7535485,20.60934,-100.4345,760,1,X11,x,,,2
7535487,20.61233,-100.4357,180,1,X11,x,,,2
7535488,20.61336,-100.4359,780,1,X11,x,,,7
7535491,20.62036,-100.4281,1100,1,M81,x,,,1
7535493,20.61905,-100.4269,910,1,M81,x,,,1
7535502,20.54119,-100.4033,380,1,ZN6,x,,,1
7535520,20.54128,-100.4029,180,1,ZN6,x,,,1
7535522,20.55219,-100.3872,260,1,1D4,x,,,9
7535525,20.59339,-100.3835,480,1,ZN8,x,,,9
7535528,20.60683,-100.4002,780,1,XC5,x,,,0
7535530,20.58757,-100.4059,180,1,M87,x,,,0
7535532,20.58748,-100.3988,300,1,M87,x,,,6
7535538,20.63268,-100.3975,180,1,M92,x,,,5
7535539,20.63254,-100.3883,400,1,M92,x,,,5
7535545,20.63198,-100.3829,180,1,M92,x,,,10
7535546,20.63198,-100.3883,240,1,M92,x,,,10
7535547,20.63206,-100.3827,430,1,M92,x,,,2
7535548,20.63463,-100.3889,480,1,M92,x,,,2
7535550,20.63061,-100.3863,680,1,M92,x,,,12
7535552,20.63134,-100.3829,550,1,M92,x,,,12
7535553,20.63096,-100.3846,1100,1,M92,x,,,12
7535554,20.63348,-100.3883,1100,1,M92,x,,,12
7535557,20.60267,-100.3906,180,1,XC5,x,,,2
7535558,20.53544044,-100.40969849,180,1,ZN6,x,,,2
7535560,20.60229,-100.3926,720,1,XC5,x,,,12
7535564,20.60466,-100.4085,1000,1,XC5,x,,,12
7535566,20.59707,-100.4101,820,1,XC5,x,,,5
7535612,20.54541969,-100.39700317,730,1,ZN6,x,,,0
7535613,20.54323,-100.3953,390,1,ZN6,x,,,5
7535614,20.54138,-100.3977,220,1,ZN6,x,,,9
7535638,20.55007935,-100.39849854,520,1,ZN6,x,,,5
7535652,20.60374,-100.3895,720,1,XC5,x,,,0
7535662,20.54775,-100.4075,540,1,ZN6,x,,,0
7535668,20.58941,-100.4089,2900,1,M87,x,,,0
7535680,20.60696,-100.4035,630,1,XC5,x,,,0
7535684,20.62864,-100.3977,450,1,M92,x,,,0
7535696,20.59838,-100.3895,3500,1,XC5,x,,,5
7535697,20.5959,-100.3916,890,1,XC5,x,,,0
7536778,20.61126,-100.36875,480,1,ZN8,x,,,10
7540867,20.60962,-100.4282,390,1,X11,x,,,5
7540870,20.64434,-100.4014,180,1,M92,x,,,2
7540877,20.61647,-100.4129,500,1,M81,x,,,5
7540881,20.60388,-100.423,310,1,X11,x,,,5
7540885,20.64761,-100.3981,180,1,M77,x,,,8
7540893,20.63863,-100.4094,250,1,M92,x,,,1
7540895,20.63684,-100.413,480,1,M92,x,,,2
7540897,20.63949,-100.4096,840,1,M92,x,,,9
7540912,20.56885,-100.3988,180,1,M87,x,,,1
7540915,20.64926,-100.3789,670,1,M77,x,,,2
7540925,20.62704,-100.4056,390,1,M81,x,,,2
7540929,20.6145,-100.3731,350,1,ZN8,x,,,2
7540930,20.61486,-100.3735,180,1,ZN8,x,,,2
7540931,20.61574,-100.3762,280,1,ZN8,x,,,6
7540937,20.61535,-100.4174,520,1,M81,x,,,12
7540939,20.6168,-100.4151,450,1,M81,x,,,6
7540940,20.65101,-100.3868,390,1,M77,x,,,2
7540941,20.64916,-100.3862,580,1,M77,x,,,8
7540943,20.64514,-100.3896,1100,1,M77,x,,,8
7540945,20.64071,-100.3889,410,1,M92,x,,,8
7540947,20.6413,-100.3885,760,1,M77,x,,,9
7540949,20.5657,-100.3988,210,1,M87,x,,,9
7540953,20.64915,-100.3789,680,1,M77,x,,,12
7540955,20.63354,-100.3997,690,1,M92,x,,,12
7540957,20.63863,-100.40169,330,1,M92,x,,,12
7540958,20.63523,-100.3977,460,1,M92,x,,,2
7540959,20.63373,-100.4013,560,1,M92,x,,,12
7540960,20.63797,-100.3978,180,1,M92,x,,,6
7540967,20.63951,-100.4017,360,1,M92,x,,,12
7540969,20.63554,-100.4031,470,1,M92,x,,,2
7540977,20.64754,-100.409,180,1,M92,x,,,2
7540983,20.60717,-100.4315,690,1,X11,x,,,2
7540985,20.60267,-100.4261,610,1,X11,x,,,2
7540997,20.64975,-100.467,430,1,ZN9,x,,,2
7540999,20.65169,-100.4572,520,1,ZN9,x,,,2
7541003,20.64733,-100.4556,1900,1,ZN9,x,07:00,13:00,2
7541007,20.6502,-100.4658,840,1,ZN9,x,,,2
7541009,20.62473,-100.477,180,1,1D7,x,,,1
7541017,20.60054,-100.4511,490,1,1D7,x,,,1
7541019,20.60362,-100.4474,410,1,1D7,x,,,3
7541025,20.60132,-100.4463,650,1,1D7,x,,,3
7541033,20.63169,-100.4435,180,1,XC6,x,,,3
7541037,20.62876,-100.4489,180,1,XC6,x,,,3
7541047,20.65349,-100.4539,640,1,ZN9,x,,,4
7541049,20.63279,-100.4464,180,1,XC6,x,,,1
7541051,20.65626,-100.4513,470,1,ZN9,x,,,1
7541065,20.65255,-100.4545,860,1,ZN9,x,,,1
7541067,20.62813,-100.4463,180,1,XC6,x,,,7
7541071,20.64516,-100.459,300,2,ZN9,x,,,7
7541077,20.62793,-100.4447,180,1,XC6,x,,,3
7541079,20.63052,-100.4437,180,1,XC6,x,,,7
7541081,20.63313,-100.4753,180,1,XC6,x,,,3
7541085,20.64335,-100.4674,180,1,ZN9,x,,,3
7541093,20.63525,-100.4073,240,1,M92,x,,,7
7541095,20.63509,-100.4086,210,1,M92,x,,,3
7541138,20.57154,-100.3271,1700,1,ZN8,x,,,7
7541140,20.56998,-100.3212,260,1,ZN8,x,,,7
7541150,20.60528,-100.3401,230,1,ZN8,x,,,4
7541152,20.6057,-100.3397,230,1,ZN8,x,,,4
7541216,20.66296,-100.4224,360,1,M92,x,,,2
7541219,20.6634,-100.4221,1100,1,M92,x,,,2
7541220,20.66329,-100.4221,390,1,M92,x,,,8
7542287,20.67895,-100.46142,480,1,M79,x,,,8
7543100,20.57239,-100.41333,480,1,ZN6,x,,,8
7544730,20.65929,-100.47267,480,1,ZN9,x,,,8
7546230,20.569668,-100.417125,480,1,ZN6,x,,,3
7546261,20.639,-100.46834,480,1,XC6,x,,,3
7546892,20.63203,-100.45597,480,1,XC6,x,,,3
7546908,20.58041,-100.41958,480,2,M87,x,,,11
7552732,20.597358,-100.448633,480,1,1D7,x,,,10
7553421,20.555926,-100.404481,480,1,ZN6,x,,,4
7556843,20.6227,-100.407,480,1,M81,x,,,10
7560803,20.69889,-100.43641,480,1,M79,x,,,4
7571053,20.581545,-100.391727,480,1,M87,x,,,1
7571341,20.608207,-100.426187,480,1,X11,x,,,7
7571946,20.695421,-100.469576,480,2,M79,x,,,10
7571956,20.633684,-100.397722,480,1,M92,x,,,1
7571974,20.637147,-100.39523,480,1,M92,x,,,0
7574616,20.649656,-100.473043,480,1,ZN9,x,,,9
7576755,20.642235,-100.487597,480,1,ZN9,x,,,11
7576758,20.652922,-100.349592,480,2,M77,x,,,9
7577839,20.611131,-100.368005,480,1,ZN8,x,,,11
7578465,20.587182,-100.398111,480,1,M87,x,,,2
7581674,20.677586,-100.452182,480,1,M79,x,,,2
7581705,20.718054,-100.445988,480,1,M79,x,,,4
7603430,20.609244,-100.365794,480,1,ZN8,x,,,4
7606054,20.607265,-100.430323,480,1,X11,x,,,12
7606682,20.555075,-100.399182,480,1,1D4,x,,,12
7608787,20.598433,-100.334941,480,1,ZN8,x,,,8
7609193,20.598823,-100.335962,480,1,ZN8,x,,,3
7610063,20.609917,-100.437048,480,1,X11,x,,,4
7610606,20.629788,-100.448747,480,1,XC6,x,,,10
7611391,20.6183,-100.41,480,2,M81,x,,,
7611456,20.6318,-100.456,480,2,XC6,x,,,
7612251,20.547809,-100.410613,480,1,ZN6,x,,,
7613717,20.6234912,-100.4475669,480,1,1D7,x,,,
7611565,20.627,-100.3954,1200,1,M92,x,,,
7611567,20.6235,-100.4471,1200,1,1D7,x,,,
7611568,20.5847,-100.3837,1200,1,ZN8,x,,,
7611569,20.6468,-100.4591,1200,1,ZN9,x,,,
7611570,20.5954,-100.3456,1200,1,ZN8,x,,,
7611572,20.5368,-100.4406,1200,1,ZN6,x,,,
7611573,20.6036,-100.392,1200,1,XC5,x,,,
7611576,20.6032,-100.4066,1200,1,XC5,x,,,
7611577,20.6458,-100.4161,1200,1,M92,x,,,
7611578,20.6625,-100.3877,1200,1,M77,x,,,
7611580,20.5784,-100.3989,1200,1,M87,x,,,
7611583,20.6472,-100.4344,1200,2,X11,x,,,
7611584,20.5882,-100.3694,1200,1,ZN8,x,,,
7611585,20.586,-100.3668,1200,1,ZN8,x,,,
7611586,20.5893,-100.3507,1200,1,ZN8,x,,,
7611587,20.5487,-100.3897,1200,1,1D4,x,,,
7611588,20.6417,-100.4123,1200,1,M81,x,,,
7611590,20.5656,-100.4144,1200,1,ZN6,x,,,
7611591,20.5486,-100.3875,1200,1,1D4,x,,,
7611592,20.6269,-100.4149,1200,1,M81,x,,,
7611593,20.5871,-100.356,1200,1,ZN9,x,,,
7611594,20.6428,-100.4501,1200,1,ZN9,x,,,
7611595,20.6389,-100.3799,1200,1,M77,x,,,
